,coords,areas,subjs,regions
0,[-28.63785  -9.38259 -20.9354 ],['AMY' 'AMY'],LL17,AMY
1,[-36.2612  -22.24785 -18.38065],['HPC' 'HPC'],LL17,HPC
2,[-56.26125 -16.50875 -16.61975],['STS' 'STS'],LL17,STS
3,[-32.82055  -39.1687    -8.354485],['PHG' 'PHG'],LL17,PHC
4,[ 27.194    -6.23719 -29.0783 ],['AMY' 'AMY'],LL17,AMY
5,[ 32.399     -6.269325 -28.75965 ],['AMY' 'AMY'],LL17,AMY
6,[ 35.75875 -32.31815 -15.0794 ],['PHG' 'PHG'],LL17,PHC
7,[ 51.9372  -45.23275  -7.72569],['STS' 'STS'],LL17,STS
8,[ 55.69225 -48.76085  -8.11228],['STS' 'STS'],LL17,STS
9,[37.7692  34.73755 10.42737],['IFS' 'IFS'],LL17,DLPFC
10,[41.05305 35.5727  14.84095],['IFS' 'IFS'],LL17,DLPFC
11,[44.69575 36.42705 19.43285],['MFG' 'MFG'],LL17,DLPFC
12,[ 38.42136169  12.196077   -24.15306772],['TP' 'TP'],BJH030,TP
13,[ 41.97428826  12.138924   -24.10416473],['TP' 'TP'],BJH030,TP
14,[ 46.11936927  12.0722455  -24.04711123],['TP' 'TP'],BJH030,TP
15,[ 50.27542027  12.0992925  -23.37882377],['TP' 'TP'],BJH030,TP
16,[ 54.41878178  12.60293244 -23.40228327],['TP' 'TP'],BJH030,TP
17,[ 45.65837585  -9.02797645 -17.32836431],['INS' 'INS'],BJH030,INS
18,[ 49.80173735  -8.52433651 -17.35182381],['STS' 'STS'],BJH030,STS
19,[ 53.94509886  -8.02069657 -17.3752833 ],['STS' 'STS'],BJH030,STS
20,[ 58.09017987  -8.08737507 -17.31822981],['STS' 'STS'],BJH030,STS
21,[ 62.8366658   -7.49953514 -16.72230485],['MTG' 'MTG'],BJH030,MTG
22,[ 66.99099731  -6.90216971 -16.13453038],['MTG' 'MTG'],BJH030,MTG
23,[ 39.09605213 -15.18873324 -20.28029368],['HPC' 'HPC'],BJH030,HPC
24,[ 59.81801816 -14.38148886 -20.1560522 ],['MTG' 'MTG'],BJH030,MTG
25,[ 63.97578867 -14.92476028 -19.40725174],['MTG' 'MTG'],BJH030,MTG
26,[ 68.13355917 -15.46803172 -18.6584513 ],['MTG' 'MTG'],BJH030,MTG
27,[ 48.11901957 -24.66009256 -12.59646273],['STS' 'STS'],BJH030,STS
28,[ 52.26410058 -24.72677106 -12.53940924],['STS' 'STS'],BJH030,STS
29,[ 56.42187108 -25.27004249 -11.79060879],['STS' 'STS'],BJH030,STS
30,[ 60.57964159 -25.81331393 -11.04180835],['STS' 'STS'],BJH030,STS
31,[ 64.73569259 -25.78626693 -10.37352089],['MTG' 'MTG'],BJH030,MTG
32,[ 68.8917436  -25.75921993  -9.70523343],['MTG' 'MTG'],BJH030,MTG
33,[ 43.62894958 -14.6707224  -31.539353  ],['FUG' 'FUG'],BJH030,VS
34,[ 48.36618502 -14.7469264  -31.474149  ],['FUG' 'FUG'],BJH030,VS
35,[ 52.52223602 -14.71987941 -30.80586154],['ITG' 'ITG'],BJH030,VS
36,[ 56.67828702 -14.69283241 -30.13757409],['ITG' 'ITG'],BJH030,VS
37,[ 60.82336803 -14.7595109  -30.08052059],['ITG' 'ITG'],BJH030,VS
38,[ 64.96844903 -14.8261894  -30.0234671 ],['ITG' 'ITG'],BJH030,VS
39,[ 61.79662096 -36.66841513  -9.49576053],['MTG' 'MTG'],BJH030,MTG
40,[ 45.58863787 -30.68414593 -21.76470422],['FUG' 'FUG'],BJH030,VS
41,[ 49.73543837 -31.32114286 -21.62713774],['FUG' 'FUG'],BJH030,VS
42,[ 53.89148938 -31.29409586 -20.95885028],['FUG' 'FUG'],BJH030,VS
43,[ 58.04754039 -31.26704886 -20.29056283],['ITG' 'ITG'],BJH030,VS
44,[ 62.79746532 -31.81984579 -19.53361188],['ITG' 'ITG'],BJH030,VS
45,[ 66.95179683 -31.22248036 -18.94583741],['MTG' 'MTG'],BJH030,MTG
46,[33.65512028 27.03839653  7.41149098],['IFG' 'IFG'],BJH030,VLPFC
47,[37.81289079 26.4951251   8.16029143],['IFG' 'IFG'],BJH030,VLPFC
48,[41.95797179 26.4284466   8.21734493],['IFG' 'IFG'],BJH030,VLPFC
49,[46.1030528  26.36176811  8.27439842],['IFG' 'IFG'],BJH030,VLPFC
50,[49.66866887 25.82802217  9.01504837],['IFG' 'IFG'],BJH030,VLPFC
51,[53.81546938 25.19102525  9.15261485],['IFG' 'IFG'],BJH030,VLPFC
52,[ 17.54056378 -30.14146199  31.52922406],['PCC' 'PCC'],BJH030,PCC
53,[ 50.72315182 -30.48743897  33.20811993],['SMG' 'SMG'],BJH030,parietal
54,[ 54.85726283 -30.64784296  32.65393946],['SMG' 'SMG'],BJH030,parietal
55,[ 59.00234383 -30.71452145  32.71099296],['SMG' 'SMG'],BJH030,parietal
56,[ 63.15839484 -30.68747446  33.37928041],['SMG' 'SMG'],BJH030,parietal
57,[-36.28473442  14.92775969 -30.39195427],['TP' 'TP'],BJH030,TP
58,[-40.42981542  14.99443819 -30.44900777],['TP' 'TP'],BJH030,TP
59,[-44.57489643  15.06111668 -30.50606126],['TP' 'TP'],BJH030,TP
60,[-48.72922793  14.46375125 -31.09383573],['TP' 'TP'],BJH030,TP
61,[-52.88355944  13.86638582 -31.6816102 ],['TP' 'TP'],BJH030,TP
62,[-40.90521784  -5.05887239 -24.5025208 ],['FUG' 'FUG'],BJH030,VS
63,[-45.06298835  -4.51560096 -25.25132124],['FUG' 'FUG'],BJH030,VS
64,[-49.21150835  -3.3082856  -25.46940072],['MTG' 'MTG'],BJH030,MTG
65,[-53.36002836  -2.10097024 -25.68748019],['MTG' 'MTG'],BJH030,MTG
66,[-57.50682887  -1.46397331 -25.82504667],['MTG' 'MTG'],BJH030,MTG
67,[-61.65190988  -1.39729482 -25.88210017],['MTG' 'MTG'],BJH030,MTG
68,[-36.73197184 -10.73500972 -23.02910343],['HPC' 'HPC'],BJH030,HPC
69,[-40.87705284 -10.66833122 -23.08615693],['FUG' 'FUG'],BJH030,VS
70,[-45.03482334 -10.12505978 -23.83495738],['FUG' 'FUG'],BJH030,VS
71,[-49.18162385  -9.48806286 -23.97252386],['FUG' 'FUG'],BJH030,VS
72,[-53.32670486  -9.42138436 -24.02957735],['ITS' 'ITS'],BJH030,VS
73,[-53.10131936 -24.46101098 -11.91495721],['STS' 'STS'],BJH030,STS
74,[-57.23543036 -24.30060699 -11.36077675],['MTG' 'MTG'],BJH030,MTG
75,[-61.36782187 -24.71052143 -10.72608328],['MTG' 'MTG'],BJH030,MTG
76,[-65.50193288 -24.55011744 -10.17190281],['MTG' 'MTG'],BJH030,MTG
77,[-45.68076127 -14.67011628 -26.94692072],['FUG' 'FUG'],BJH030,VS
78,[-49.81487227 -14.50971229 -26.39274025],['FUG' 'FUG'],BJH030,VS
79,[-53.95995328 -14.44303379 -26.44979375],['ITS' 'ITS'],BJH030,VS
80,[-58.09406429 -14.2826298  -25.89561328],['ITS' 'ITS'],BJH030,VS
81,[-41.28147676 -31.87024413 -13.23072721],['FUG' 'FUG'],BJH030,VS
82,[-45.41386827 -32.28015857 -12.59603375],['FUG' 'FUG'],BJH030,VS
83,[-49.55894928 -32.21348007 -12.65308723],['ITS' 'ITS'],BJH030,VS
84,[-53.70403028 -32.14680158 -12.71014073],['ITS' 'ITS'],BJH030,VS
85,[-57.83642178 -32.55671602 -12.07544727],['MTG' 'MTG'],BJH030,MTG
86,[-61.96881329 -32.96663046 -11.44075381],['MTG' 'MTG'],BJH030,MTG
87,[-66.1121748  -33.4702704  -11.41729431],['MTG' 'MTG'],BJH030,MTG
88,[-43.23280704 -29.82563946 -22.90676609],['FUG' 'FUG'],BJH030,VS
89,[-47.36519855 -30.23555389 -22.27207264],['FUG' 'FUG'],BJH030,VS
90,[-52.09146398 -30.06562441 -21.72604267],['FUG' 'FUG'],BJH030,VS
91,[-56.23654499 -29.99894591 -21.78309616],['ITS' 'ITS'],BJH030,VS
92,[-59.78947157 -29.94179292 -21.83199916],['ITS' 'ITS'],BJH030,VS
93,[-63.92186308 -30.35170736 -21.1973057 ],['ITS' 'ITS'],BJH030,VS
94,[-68.05597408 -30.19130337 -20.64312522],['MTG' 'MTG'],BJH030,MTG
95,[-7.23407285 30.35979716  5.22407367],['ACC' 'ACC'],BJH030,ACC
96,[-10.78699942  30.41695016   5.17517067],['ACC' 'ACC'],BJH030,ACC
97,[-30.94972102  29.31900379   3.22537779],['FOP' 'FOP'],BJH030,VLPFC
98,[-35.10577203  29.2919568    2.55709034],['IFG' 'IFG'],BJH030,VLPFC
99,[-39.25085304  29.35863529   2.50003684],['IFG' 'IFG'],BJH030,VLPFC
100,[-43.40518454  28.76126986   1.91226238],['IFG' 'IFG'],BJH030,VLPFC
101,[-47.55951605  28.16390443   1.32448791],['IFG' 'IFG'],BJH030,VLPFC
102,[-51.70459705  28.23058292   1.26743441],['IFG' 'IFG'],BJH030,VLPFC
103,[-39.89906887 -32.73312464  30.61046962],['SMG' 'SMG'],BJH030,parietal
104,[-44.04243038 -33.23676457  30.63392912],['SMG' 'SMG'],BJH030,parietal
105,[-48.18579189 -33.74040451  30.65738861],['SMG' 'SMG'],BJH030,parietal
106,[-52.31990289 -33.58000052  31.21156908],['SMG' 'SMG'],BJH030,parietal
107,[-56.4632644  -34.08364045  31.23502858],['SMG' 'SMG'],BJH030,parietal
108,[-60.60662591 -34.58728039  31.25848808],['SMG' 'SMG'],BJH030,parietal
109,[-49826.05100611  -2890.57851932 -22775.1172579 ],['STS' 'STS'],BJH072,STS
110,[-54082.31500647  -2622.30846461 -22798.74278611],['STS' 'STS'],BJH072,STS
111,[-47842.48650059 -19240.85937856 -20115.33315872],['STS' 'STS'],BJH072,STS
112,[-51510.5609968  -20011.51093367 -20631.86370047],['STS' 'STS'],BJH072,STS
113,[-55192.00749337 -20293.58843408 -21192.78777043],['MTG' 'MTG'],BJH072,MTG
114,[-58904.53799337 -20486.35443408 -21174.61577043],['MTG' 'MTG'],BJH072,MTG
115,[-49554.91759571 -26876.64551515  -1804.99496732],['STS' 'STS'],BJH072,STS
116,[-5.28303386e+04 -2.67739390e+04 -5.21307574e+01],['STG' 'STG'],BJH072,STG
117,[-56119.13161663 -26182.65845799   1656.33992425],['STG' 'STG'],BJH072,STG
118,[-59407.92462726 -25591.37790206   3364.81060593],['STG' 'STG'],BJH072,STG
119,[-63213.70713754 -25516.20940083   5120.27081582],['STG' 'STG'],BJH072,STG
120,[-67019.48964782 -25441.0408996    6875.73102571],['STG' 'STG'],BJH072,STG
121,[-24912.66337185   2992.61889395 -47389.56610605],['TP' 'TP'],BJH072,TP
122,[-28656.27787528   2889.16439436 -46792.29803608],['TP' 'TP'],BJH072,TP
123,[-32368.80837528   2696.39839436 -46774.12603608],['TP' 'TP'],BJH072,TP
124,[-36112.4228787    2592.94389476 -46176.85796612],['TP' 'TP'],BJH072,TP
125,[-32256.78838513  -6628.52519775 -42990.775122  ],['PRH' 'PRH'],BJH072,PRH
126,[-36000.40288855  -6731.97969734 -42393.50705203],['PRH' 'PRH'],BJH072,PRH
127,[-39712.93338855  -6924.74569734 -42375.33505203],['PRH' 'PRH'],BJH072,PRH
128,[-43425.46388855  -7117.51169734 -42357.16305203],['PRH' 'PRH'],BJH072,PRH
129,[-47124.62238819  -7798.85175205 -42294.59752382],['ITG' 'ITG'],BJH072,VS
130,[-50823.78088783  -8480.19180676 -42232.03199561],['ITG' 'ITG'],BJH072,VS
131,[-42002.11542923 -15556.01778577 -33369.73550827],['FUG' 'FUG'],BJH072,VS
132,[-45714.64592923 -15748.78378577 -33351.56350827],['FUG' 'FUG'],BJH072,VS
133,[-49427.17642923 -15941.54978577 -33333.39150827],['ITS' 'ITS'],BJH072,VS
134,[-53139.70692923 -16134.31578577 -33315.21950827],['ITS' 'ITS'],BJH072,VS
135,[-56865.6094296  -15838.50773106 -33341.44103648],['MTG' 'MTG'],BJH072,MTG
136,[-60591.51192996 -15542.69967635 -33367.6625647 ],['MTG' 'MTG'],BJH072,MTG
137,[-20287.32698728  13970.68978235 -29597.34431862],['OFC' 'OFC'],BJH072,OFC
138,[-24044.31349107  14355.80933747 -29044.46977687],['OFC' 'OFC'],BJH072,OFC
139,[-27270.93849486  14768.46689258 -28494.19123512],['OFC' 'OFC'],BJH072,OFC
140,[-31014.55299828  14665.01239299 -27896.92316515],['OFC' 'OFC'],BJH072,OFC
141,[-34771.53950207  15050.13194811 -27344.0486234 ],['OFC' 'OFC'],BJH072,OFC
142,[-38528.52600586  15435.25150322 -26791.17408165],['OFC' 'OFC'],BJH072,OFC
143,[-42272.14050929  15331.79700363 -26193.90601169],['OFC' 'OFC'],BJH072,OFC
144,[-46029.12701308  15716.91655875 -25641.03146994],['TP' 'TP'],BJH072,TP
145,[-49786.11351687  16102.03611386 -25088.15692819],['TP' 'TP'],BJH072,TP
146,[-11215.70265909  -7376.21720367   5224.3556511 ],['ANT' 'ANT'],BJH072,N
147,[-14879.43715261  -7259.03214978   4039.94198296],['ANT' 'ANT'],BJH072,N
148,[-18529.79964575  -7630.4211506    2899.92184303],['PAL' 'PAL'],BJH072,N
149,[-22211.24614233  -7912.49865101   2338.99777306],['PAL' 'PAL'],BJH072,N
150,[-25892.6926389   -8194.57615142   1778.0737031 ],['PAL' 'PAL'],BJH072,N
151,[-29012.69363205  -8538.42715223    635.45756317],['CAUD' 'CAUD'],BJH072,N
152,[-32663.0561252   -8909.81615305   -504.56257676],['CAUD' 'CAUD'],BJH072,N
153,[-36344.50262178  -9191.89365346  -1065.48664672],['CAUD' 'CAUD'],BJH072,N
154,[-40039.32111872  -8985.39709916  -1670.8042449 ],['INS' 'INS'],BJH072,INS
155,[-43703.05561223  -8868.21204527  -2855.21791304],['INS' 'INS'],BJH072,INS
156,[-46823.05660538  -9212.06304609  -3997.83405297],['INS' 'INS'],BJH072,INS
157,[-50504.50310195  -9494.1405465   -4558.75812293],['STG' 'STG'],BJH072,STG
158,[-54185.94959853  -9776.21804691  -5119.68219289],['STG' 'STG'],BJH072,STG
159,[-57836.31209168 -10147.60704772  -6259.70233282],['STG' 'STG'],BJH072,STG
160,[-61486.67458483 -10518.99604854  -7399.72247275],['STG' 'STG'],BJH072,STG
161,[-65137.03707798 -10890.38504936  -8539.74261268],['STG' 'STG'],BJH072,STG
162,[-38177.33910514   8976.07697645  -8000.91087672],['INS' 'INS'],BJH072,INS
163,[-38934.32062678  10950.13014303  -4656.91904158],['INS' 'INS'],BJH072,INS
164,[-39691.30214842  12924.1833096   -1312.92720643],['INS' 'INS'],BJH072,INS
165,[-39917.92217006  14925.77447618   2028.46862871],['INS' 'INS'],BJH072,INS
166,[-40719.3596955   17477.71319787   5907.1630056 ],['IFG' 'IFG'],BJH072,VLPFC
167,[-41507.42522056  19541.07786486   9830.25091071],['IFG' 'IFG'],BJH072,VLPFC
168,[-42264.40674221  21515.13103143  13174.24274585],['IFG' 'IFG'],BJH072,VLPFC
169,[-43021.38826385  23489.18419801  16518.234581  ],['IFG' 'IFG'],BJH072,VLPFC
170,[-43778.36978549  25463.23736458  19862.22641614],['IFG' 'IFG'],BJH072,VLPFC
171,[-44548.7233075   27925.86458586  23161.82472307],['MFG' 'MFG'],BJH072,DLPFC
172,[-44775.34332914  29927.45575244  26503.22055821],['MFG' 'MFG'],BJH072,DLPFC
173,[-45532.32485079  31901.50891902  29847.21239336],['MFG' 'MFG'],BJH072,DLPFC
174,[-46302.67837279  34364.1361403   33146.81070028],['MFG' 'MFG'],BJH072,DLPFC
175,[-3979.78813739 36068.10776817 -8119.93253575],['ACC' 'ACC'],BJH072,ACC
176,[-7767.8586446  36542.5388237  -6987.96192403],['ACC' 'ACC'],BJH072,ACC
177,[-11025.56765181  37044.50787922  -5858.58731232],['ACC' 'ACC'],BJH072,ACC
178,[-14800.26615867  37030.36488004  -4682.22317239],['ACC' 'ACC'],BJH072,ACC
179,[-43549.1697225   40109.90221564   5612.73291768],['MFG' 'MFG'],BJH072,DLPFC
180,[-46793.50672935  40123.29721646   6786.50105761],['MFG' 'MFG'],BJH072,DLPFC
181,[-50581.57723657  40597.72827199   7918.47166932],['MFG' 'MFG'],BJH072,DLPFC
182,[-43407.46363515 -32225.17677574   6313.6113372 ],['A1' 'A1'],BJH072,A1
183,[-46067.95114054 -34138.53999375   7662.35758998],['A1' 'A1'],BJH072,A1
184,[-48697.35464251 -36141.21471217   8432.0077728 ],['A1' 'A1'],BJH072,A1
185,[-51857.11964448 -38171.4274306    9204.25395562],['A1' 'A1'],BJH072,A1
186,[-55047.96864988 -40112.32864861  10555.5962084 ],['A1' 'A1'],BJH072,A1
187,[-57708.45615527 -42025.69186662  11904.34246118],['STG' 'STG'],BJH072,STG
188,[-60368.94366067 -43939.05508463  13253.08871396],['STG' 'STG'],BJH072,STG
189,[-63528.70866264 -45969.26780305  14025.33489678],['STG' 'STG'],BJH072,STG
190,[-66688.47366461 -47999.48052148  14797.5810796 ],['STG' 'STG'],BJH072,STG
191,[-30.97065  37.95545  23.72245],['SFS' 'SFS'],LL36,DLPFC
192,[-61.60675 -11.45285 -19.5732 ],['STS' 'STS'],LL36,STS
193,[-32.75565 -16.57    -13.88575],['HPC' 'HPC'],LL36,HPC
194,[-48.5395  -17.12515 -11.02135],['STS' 'STS'],LL36,STS
195,[-52.83245   -47.0223      1.2538985],['MTG' 'MTG'],LL36,MTG
196,[-56.9841   -49.73865    2.666505],['MTG' 'MTG'],LL36,MTG
197,[-61.3562  -52.1471    4.29883],['MTG' 'MTG'],LL36,MTG
198,[24.88815 40.7842  27.63575],['MFG' 'MFG'],LL36,DLPFC
199,[27.36135 42.64505 33.0172 ],['MFG' 'MFG'],LL36,DLPFC
200,[28.8615  44.14945 38.1354 ],['MFG' 'MFG'],LL36,DLPFC
201,[ 26.6946   -6.38307 -17.599  ],['AMY' 'AMY'],LL36,AMY
202,[ 57.74725 -15.28485 -21.8121 ],['ITS' 'ITS'],LL36,VS
203,[ 31.97205  -40.82205   -2.387355],['HPC' 'HPC'],LL36,HPC
204,[ 63.878     -45.6497      0.6924255],['MTG' 'MTG'],LL36,MTG
205,[-40333.91439218  -3136.41333544 -20103.62966164],['INS' 'INS'],BJH069,INS
206,[-43893.26439063  -3018.31784825 -20666.50222411],['STG' 'STG'],BJH069,STG
207,[-47452.61438909  -2900.22236107 -21229.37478657],['STS' 'STS'],BJH069,STS
208,[-51025.00838909  -2678.44836107 -21267.47578657],['STS' 'STS'],BJH069,STS
209,[-54597.40238909  -2456.67436107 -21305.57678657],['MTG' 'MTG'],BJH069,MTG
210,[-61124.44249861 -31774.50388695 -10106.52541451],['MTG' 'MTG'],BJH069,MTG
211,[-64709.2625001  -32040.08094495 -10049.21040264],['MTG' 'MTG'],BJH069,MTG
212,[-34557.70231187   8782.69260986 -34981.42595432],['TP' 'TP'],BJH069,TP
213,[-48478.5663287    9005.48153837 -30643.96641898],['TP' 'TP'],BJH069,TP
214,[-36168.91232178  -1035.04407509 -39052.75392793],['TP' 'TP'],BJH069,TP
215,[-39741.30632178   -813.27007509 -39090.85492793],['TP' 'TP'],BJH069,TP
216,[-43326.12632327  -1078.84713309 -39033.53991607],['TP' 'TP'],BJH069,TP
217,[-46910.94632477  -1344.42419109 -38976.22490421],['TP' 'TP'],BJH069,TP
218,[-46905.0603851  -13777.79366134 -30001.87482241],['FUG' 'FUG'],BJH069,VS
219,[-50477.4543851  -13556.01966134 -30039.97582241],['FUG' 'FUG'],BJH069,VS
220,[-54062.2743866  -13821.59671934 -29982.66081055],['ITG' 'ITG'],BJH069,VS
221,[-57647.09438809 -14087.17377734 -29925.34579869],['ITG' 'ITG'],BJH069,VS
222,[-33277.77046456 -36948.31831047 -22216.28889003],['PHC' 'PHC'],BJH069,PHC
223,[-36862.59046605 -37213.89536847 -22158.97387817],['PHC' 'PHC'],BJH069,PHC
224,[-10409.73647487  -7122.0780641    2978.9925538 ],['ANT' 'ANT'],BJH069,N
225,[-13408.4224673   -5677.28991572   1610.54339328],['ANT' 'ANT'],BJH069,N
226,[-16917.45045974  -4200.81976735    236.65123275],['PAL' 'PAL'],BJH069,N
227,[-20451.94845521  -3108.02216416   -517.05335345],['PAL' 'PAL'],BJH069,N
228,[-23476.10445067  -2046.90656097  -1265.31493964],['PAL' 'PAL'],BJH069,N
229,[-26997.5584446  -1057.7874706  -2543.7910883],['PUT' 'PUT'],BJH069,N
230,[-30532.05644007     35.01013259  -3297.4956745 ],['PUT' 'PUT'],BJH069,N
231,[-33556.21243554   1096.12573577  -4045.75726069],['PUT' 'PUT'],BJH069,N
232,[-36554.89842797   2540.91388415  -5414.20642122],['INS' 'INS'],BJH069,INS
233,[-40076.97042195   4121.06254534  -6263.32701928],['INS' 'INS'],BJH069,INS
234,[-43611.46841742   5213.86014852  -7017.03160548],['INS' 'INS'],BJH069,INS
235,[-46622.58041135   6171.2972389   -8290.06475414],['STG' 'STG'],BJH069,STG
236,[-50157.07840682   7264.09484208  -9043.76934033],['STG' 'STG'],BJH069,STG
237,[-53691.57640229   8356.89244527  -9797.47392653],['STG' 'STG'],BJH069,STG
238,[-17498.38252968 -30061.46734743   2574.42603729],['pTHAL' 'pTHAL'],BJH069,N
239,[-35336.73652679 -26795.8360898    3051.80011478],['INS' 'INS'],BJH069,INS
240,[-38896.7045253  -26086.7110318    2918.28310291],['A1' 'A1'],BJH069,A1
241,[-42469.71652535 -25273.90746098   3309.53765352],['A1' 'A1'],BJH069,A1
242,[-46042.7285254  -24461.10389017   3700.79220413],['A1' 'A1'],BJH069,A1
243,[-49615.1225254  -24239.32989017   3662.69120413],['A1' 'A1'],BJH069,A1
244,[-53175.0905239  -23530.20483217   3529.17419226],['A1' 'A1'],BJH069,A1
245,[-56735.05852241 -22821.07977417   3395.6571804 ],['STG' 'STG'],BJH069,STG
246,[-60295.02652092 -22111.95471617   3262.14016854],['STG' 'STG'],BJH069,STG
247,[-29455.81237281   3124.85798938 -20800.37926525],['INS' 'INS'],BJH069,INS
248,[-30020.18437913   5344.34275307 -17418.66936356],['INS' 'INS'],BJH069,INS
249,[-31107.32438695   7108.15845876 -13946.98645001],['INS' 'INS'],BJH069,INS
250,[-31658.65239173   9223.96470964 -11090.04811078],['INS' 'INS'],BJH069,INS
251,[-32209.98039651  11339.77096053  -8233.10977156],['INS' 'INS'],BJH069,INS
252,[-32773.73440278  12968.22615341  -5280.75542047],['INS' 'INS'],BJH069,INS
253,[-33338.10640911  15187.7109171   -1899.04551878],['INS' 'INS'],BJH069,INS
254,[-33902.47841543  17407.19568079   1482.66438291],['INS' 'INS'],BJH069,INS
255,[-34466.23242171  19035.65087367   4435.018734  ],['INS' 'INS'],BJH069,INS
256,[-35029.98642798  20664.10606655   7387.37308508],['IFG' 'IFG'],BJH069,VLPFC
257,[-35594.3584343   22883.59083025  10769.08298677],['IFG' 'IFG'],BJH069,VLPFC
258,[-37825.14045646  30963.14328858  22817.023918  ],['MFG' 'MFG'],BJH069,DLPFC
259,[-38401.93846428  32695.27699428  26294.14983155],['MFG' 'MFG'],BJH069,DLPFC
260,[-38978.73647209  34427.41069997  29771.27574511],['MFG' 'MFG'],BJH069,DLPFC
261,[-37017.45642264  -6012.85364568 -13004.94181711],['INS' 'INS'],BJH069,INS
262,[-36622.03843633  -7475.54731362  -9993.97695731],['INS' 'INS'],BJH069,INS
263,[-36239.66445157  -8834.56246874  -6458.24053504],['INS' 'INS'],BJH069,INS
264,[-35844.24646526 -10297.25613667  -3447.27567525],['INS' 'INS'],BJH069,INS
265,[-35461.25448044 -12247.30086261   -340.89480359],['INS' 'INS'],BJH069,INS
266,[-35601.64849717 -14061.98507573   3284.81463054],['INS' 'INS'],BJH069,INS
267,[-35206.23051086 -15524.67874366   6295.77949034],['INS' 'INS'],BJH069,INS
268,[-34810.81252455 -16987.37241159   9306.74435013],['INS' 'INS'],BJH069,INS
269,[-34428.43853979 -18346.38756672  12842.4807724 ],['INS' 'INS'],BJH069,INS
270,[-34058.49055651 -20192.75377984  16473.63320653],['INS' 'INS'],BJH069,INS
271,[-34185.8405717  -22111.11650577  19574.57107819],['INS' 'INS'],BJH069,INS
272,[-39403.99264716 -54955.29645517  18380.82297473],['STG' 'STG'],BJH069,STG
273,[-42963.96064567 -54246.17139717  18247.30596287],['STG' 'STG'],BJH069,STG
274,[-46536.35464567 -54024.39739717  18209.20496287],['STG' 'STG'],BJH069,STG
275,[-50108.74864567 -53802.62339717  18171.10396287],['STG' 'STG'],BJH069,STG
276,[-53681.14264567 -53580.84939717  18133.00296287],['STG' 'STG'],BJH069,STG
277,[-57253.53664567 -53359.07539717  18094.90196287],['STG' 'STG'],BJH069,STG
278,[-60825.93064567 -53137.30139717  18056.80096287],['STG' 'STG'],BJH069,STG
279,[ -5434.3504906  -21074.17369349  -1927.97902418],['mTHAL' 'mTHAL'],BJH069,N
280,[ -8523.10849373 -20085.69509705   -481.73834864],['mTHAL' 'mTHAL'],BJH069,N
281,[-12122.20849687 -19065.53450061    959.05932691],['mTHAL' 'mTHAL'],BJH069,N
282,[-15720.69049996 -18636.40347498   1970.50145185],['mTHAL' 'mTHAL'],BJH069,N
283,[-18796.40450155 -17751.60339135   2891.97056492],['PAL' 'PAL'],BJH069,N
284,[-22395.50450469 -16731.44279491   4332.76824046],['PAL' 'PAL'],BJH069,N
285,[-25994.60450783 -15711.28219847   5773.56591601],['PAL' 'PAL'],BJH069,N
286,[-29070.31850942 -14826.48211485   6695.03502908],['PAL' 'PAL'],BJH069,N
287,[-32171.50251405 -14325.35457641   8236.69171649],['CAUD' 'CAUD'],BJH069,N
288,[-35770.60251719 -13305.19397997   9677.48939203],['CAUD' 'CAUD'],BJH069,N
289,[-39356.65851878 -12388.71189634  10593.5155051 ],['INS' 'INS'],BJH069,INS
290,[-42445.41652192 -11400.2332999   12039.75618065],['INS' 'INS'],BJH069,INS
291,[-46044.51652505 -10380.07270346  13480.55385619],['PreCG' 'PreCG'],BJH069,M1
292,[-49642.99852814  -9950.94167783  14491.99598113],['PreCG' 'PreCG'],BJH069,M1
293,[-52718.71252973  -9066.14159421  15413.4650942 ],['PreCG' 'PreCG'],BJH069,M1
294,[-55807.47053287  -8077.66299777  16859.70576975],['PreCG' 'PreCG'],BJH069,M1
295,[-59406.57053601  -7057.50240133  18300.50344529],['PreCG' 'PreCG'],BJH069,M1
296,[ -2933.80231327  23367.23659264 -22622.00453736],['OFC' 'OFC'],BJH069,OFC
297,[ -6532.28431636  23796.36761827 -21610.56241242],['OFC' 'OFC'],BJH069,OFC
298,[-10130.76631945  24225.49864389 -20599.12028748],['OFC' 'OFC'],BJH069,OFC
299,[-13218.90632253  24622.94766952 -19582.23516255],['OFC' 'OFC'],BJH069,OFC
300,[-16842.85832866  24668.40614996 -17950.60546328],['OFC' 'OFC'],BJH069,OFC
301,[-20466.81033478  24713.8646304  -16318.97576401],['OFC' 'OFC'],BJH069,OFC
302,[-23554.95033787  25111.31365603 -15302.09063907],['OFC' 'OFC'],BJH069,OFC
303,[-27153.43234095  25540.44468165 -14290.64851413],['OFC' 'OFC'],BJH069,OFC
304,[-30751.91434404  25969.57570728 -13279.20638919],['OFC' 'OFC'],BJH069,OFC
305,[-33840.05434713  26367.02473291 -12262.32126426],['IFG' 'IFG'],BJH069,VLPFC
306,[-37438.53635021  26796.15575853 -11250.87913932],['IFG' 'IFG'],BJH069,VLPFC
307,[-41049.44435479  26737.93572616 -10144.02100252],['IFG' 'IFG'],BJH069,VLPFC
308,[-44150.01035938  26648.03369378  -9031.71986572],['IFG' 'IFG'],BJH069,VLPFC
309,[-47748.49236246  27077.16471941  -8020.27774078],['IFG' 'IFG'],BJH069,VLPFC
310,[ 26.73600613 -25.68371939  55.02797771],['preCG' 'preCG'],SLCH020,M1
311,[ 29.05944159 -25.7809309   58.42158258],['preCG' 'preCG'],SLCH020,M1
312,[ 30.89475156 -25.84274442  61.86787444],['preCG' 'preCG'],SLCH020,M1
313,[ 32.73106203 -25.45414844  65.06565428],['preCG' 'preCG'],SLCH020,M1
314,[ 40.96997616 -19.27110797  50.00033204],['preCG' 'preCG'],SLCH020,M1
315,[ 44.08769765 -17.88487249  50.61659443],['preCG' 'preCG'],SLCH020,M1
316,[ 46.71629314 -16.91364851  51.53405584],['preCG' 'preCG'],SLCH020,M1
317,[  9.81087188 -19.35991236  26.41685405],['PCC' 'PCC'],SLCH020,PCC
318,[ 42.92458078 -12.84570151  36.34492223],['preCG' 'preCG'],SLCH020,M1
319,[ 46.04030127 -12.36028502  37.45820866],['preCG' 'preCG'],SLCH020,M1
320,[ 49.15602176 -11.87486853  38.57149508],['preCG' 'preCG'],SLCH020,M1
321,[ 52.27274275 -10.93904255  39.43626949],['preCG' 'preCG'],SLCH020,M1
322,[ 55.87758924 -10.03861457  40.2483569 ],['preCG' 'preCG'],SLCH020,M1
323,[ 34.16482943 -16.85831885  20.82091459],['INS' 'INS'],SLCH020,INS
324,[ 37.70735342 -16.19049236  21.15653254],['INS' 'INS'],SLCH020,INS
325,[ 41.18755492 -15.75526737  21.01568101],['INS' 'INS'],SLCH020,INS
326,[ 44.66775642 -15.32004237  20.87482949],['postCG' 'postCG'],SLCH020,S1
327,[ 48.21028042 -14.65221588  21.21044743],['postCG' 'postCG'],SLCH020,S1
328,[ 51.20235642 -14.18159289  21.1222829 ],['postCG' 'postCG'],SLCH020,S1
329,[ 54.68255792 -13.74636789  20.98143138],['postCG' 'postCG'],SLCH020,S1
330,[ 58.22508191 -13.0785414   21.31704932],['postCG' 'postCG'],SLCH020,S1
331,[ 61.76760591 -12.41071491  21.65266726],['postCG' 'postCG'],SLCH020,S1
332,[ 21.30624768 -44.04484652  51.22105488],['SPL' 'SPL'],SLCH020,parietal
333,[ 21.67618065 -44.45087554  55.07391975],['SPL' 'SPL'],SLCH020,parietal
334,[ 22.04711411 -44.40649506  58.6782726 ],['SPL' 'SPL'],SLCH020,parietal
335,[ 22.41804758 -44.36211458  62.28262545],['SPL' 'SPL'],SLCH020,parietal
336,[ 22.78798055 -44.76814359  66.13549032],['SPL' 'SPL'],SLCH020,parietal
337,[ 28.31106576 -45.38298644  42.94139977],['postCG' 'postCG'],SLCH020,S1
338,[ 31.00298424 -43.72875148  44.08681863],['postCG' 'postCG'],SLCH020,S1
339,[ 34.18402873 -41.65950502  44.93103848],['postCG' 'postCG'],SLCH020,S1
340,[ 36.87694772 -39.55486056  45.82794532],['postCG' 'postCG'],SLCH020,S1
341,[ 39.6311887  -37.6680241   47.44983365],['postCG' 'postCG'],SLCH020,S1
342,[ 42.38542969 -35.78118764  49.07172197],['postCG' 'postCG'],SLCH020,S1
343,[ 45.07734817 -34.12695268  50.21714083],['postCG' 'postCG'],SLCH020,S1
344,[ 47.76926666 -32.47271771  51.36255969],['postCG' 'postCG'],SLCH020,S1
345,[ 50.46218565 -30.36807326  52.25946653],['postCG' 'postCG'],SLCH020,S1
346,[ 31.05940534 -40.53242747  33.1067224 ],['AMY' 'AMY'],SLCH020,AMY
347,[ 34.17812733 -38.69578251  33.47447278],['AMY' 'AMY'],SLCH020,AMY
348,[ 51.8518858  -27.83771821  35.30987958],['ITS' 'ITS'],SLCH020,VS
349,[ 54.9706078  -26.00107324  35.67762995],['ITS' 'ITS'],SLCH020,VS
350,[ 58.08932979 -24.16442827  36.04538033],['ITS' 'ITS'],SLCH020,VS
351,[ 61.20805178 -22.32778331  36.41313071],['MTG' 'MTG'],SLCH020,MTG
352,[ 41.67562397 -35.20938798  17.55000771],['STG' 'STG'],SLCH020,STG
353,[ 44.73202347 -33.6053445   17.44128862],['STG' 'STG'],SLCH020,STG
354,[ 47.78842297 -32.00130103  17.33256953],['STG' 'STG'],SLCH020,STG
355,[ 50.78249997 -30.62985905  16.74738098],['STG' 'STG'],SLCH020,STG
356,[ 53.77657698 -29.25841707  16.16219242],['STG' 'STG'],SLCH020,STG
357,[ 56.83297648 -27.6543736   16.05347333],['STG' 'STG'],SLCH020,STG
358,[ 59.88937597 -26.05033012  15.94475424],['STG' 'STG'],SLCH020,STG
359,[ 62.94577547 -24.44628665  15.83603515],['STG' 'STG'],SLCH020,STG
360,[ 66.00317547 -22.39183368  15.47880405],['STG' 'STG'],SLCH020,STG
361,[12.3067732  -8.70462417 44.73009673],['SMA' 'SMA'],SLCH020,premotor
362,[17.26425612 -8.18644923 54.14816581],['SFG' 'SFG'],SLCH020,premotor
363,[19.09956609 -8.24826274 57.59445767],['SFG' 'SFG'],SLCH020,premotor
364,[20.93587656 -7.85966677 60.79223752],['SFG' 'SFG'],SLCH020,premotor
365,[23.26031253 -7.50646879 63.93733037],['SFG' 'SFG'],SLCH020,premotor
366,[13.34405481 18.69955889 29.46548984],['ACC' 'ACC'],SLCH020,ACC
367,[29.77026126 18.78900438 34.96765709],['MFG' 'MFG'],SLCH020,DLPFC
368,[32.88598175 19.27442087 36.08094351],['MFG' 'MFG'],SLCH020,DLPFC
369,[36.00070174 19.30942786 37.44274195],['MFG' 'MFG'],SLCH020,DLPFC
370,[39.60354722 19.30903686 38.75185339],['MFG' 'MFG'],SLCH020,DLPFC
371,[43.20639271 19.30864586 40.06096483],['MFG' 'MFG'],SLCH020,DLPFC
372,[46.2587902  19.11105136 40.9462938 ],['MFG' 'MFG'],SLCH020,DLPFC
373,[32.778334   -6.70508649 11.12968993],['INS' 'INS'],SLCH020,INS
374,[35.89505499 -5.76926051 11.99446434],['INS' 'INS'],SLCH020,INS
375,[39.01177599 -4.83343453 12.85923875],['INS' 'INS'],SLCH020,INS
376,[42.18981897 -4.11541655 14.44899464],['FOP' 'FOP'],SLCH020,VLPFC
377,[45.30553946 -3.63000006 15.56228106],['FOP' 'FOP'],SLCH020,VLPFC
378,[48.42125995 -3.14458358 16.67556748],['FOP' 'FOP'],SLCH020,VLPFC
379,[51.59930293 -2.4265656  18.26532337],['FOP' 'FOP'],SLCH020,VLPFC
380,[54.77834642 -1.25813812 19.60656725],['FOP' 'FOP'],SLCH020,VLPFC
381,[57.9573899  -0.08971065 20.94781113],['FOP' 'FOP'],SLCH020,VLPFC
382,[34.56638545 19.1753635  13.78481841],['IFG' 'IFG'],SLCH020,VLPFC
383,[37.92194196 19.14538551 12.69102795],['IFG' 'IFG'],SLCH020,VLPFC
384,[41.27649797 18.66499803 11.8457495 ],['IFG' 'IFG'],SLCH020,VLPFC
385,[44.20525097 18.45261004 11.52962752],['IFG' 'IFG'],SLCH020,VLPFC
386,[47.55980698 17.97222255 10.68434907],['IFG' 'IFG'],SLCH020,VLPFC
387,[50.91536349 17.94224456  9.59055861],['IFG' 'IFG'],SLCH020,VLPFC
388,[54.33324249 18.14486807  8.97323762],['IFG' 'IFG'],SLCH020,VLPFC
389,[58.175924   17.62908259  8.07527218],['IFG' 'IFG'],SLCH020,VLPFC
390,[ 41.75969784 -55.81885918  35.04150213],['IP' 'IP'],SLCH020,parietal
391,[ 43.89416482 -57.51469416  37.50272262],['IP' 'IP'],SLCH020,parietal
392,[ 46.57907979 -59.01332565  40.38772558],['IP' 'IP'],SLCH020,parietal
393,[ 49.26499527 -60.06154764  43.02421653],['IP' 'IP'],SLCH020,parietal
394,[ 51.40046275 -61.30697312  45.236925  ],['IP' 'IP'],SLCH020,parietal
395,[ 53.33907279 -17.3967931  -19.1694203 ],['ITS' 'ITS'],SLCH020,VS
396,[ 56.81827379 -17.41197759 -19.06175981],['ITS' 'ITS'],SLCH020,VS
397,[ 59.87167178 -17.1591626  -18.42494286],['ITS' 'ITS'],SLCH020,VS
398,[ 63.41219477 -17.39215509 -17.59230089],['MTG' 'MTG'],SLCH020,MTG
399,[ 66.95271776 -17.62514759 -16.75965892],['MTG' 'MTG'],SLCH020,MTG
400,[ 23.82826583  -4.49267234 -24.37539074],['AMY' 'AMY'],SLCH020,AMY
401,[ 27.67094734  -5.00845783 -25.27335619],['AMY' 'AMY'],SLCH020,AMY
402,[ 47.13164385  -7.55779824 -27.3602815 ],['ITS' 'ITS'],SLCH020,VS
403,[ 51.03664786  -7.84098223 -27.78177747],['ITS' 'ITS'],SLCH020,VS
404,[ 54.45252586  -8.53917771 -27.90207444],['ITS' 'ITS'],SLCH020,VS
405,[ 57.86840386  -9.2373732  -28.0223714 ],['MTG' 'MTG'],SLCH020,MTG
406,[ 61.22295987  -9.71776068 -28.86764985],['MTG' 'MTG'],SLCH020,MTG
407,[ 64.57751587 -10.19814816 -29.71292829],['MTG' 'MTG'],SLCH020,MTG
408,[-22528.439215   -5288.0976185 -31312.36778  ],['EC' 'EC'],SLCH006,EC
409,[-25678.589605   -5781.2335505 -28646.9518   ],['AMY' 'AMY'],SLCH006,AMY
410,[-28862.113495  -6406.549967 -26532.64232 ],['AMY' 'AMY'],SLCH006,AMY
411,[-32053.23339  -6528.03394 -24526.20131],['AMY' 'AMY'],SLCH006,AMY
412,[-35210.97978   -6517.337428 -21968.6538  ],['AMY' 'AMY'],SLCH006,AMY
413,[-38368.72617   -6506.640916 -19411.106285],['AMY' 'AMY'],SLCH006,AMY
414,[-41559.846065  -6628.124889 -17404.665275],['STG' 'STG'],SLCH006,STG
415,[-44784.339455  -6881.789347 -15949.33077 ],['STG' 'STG'],SLCH006,STG
416,[-47975.459345  -7003.27332  -13942.88976 ],['STG' 'STG'],SLCH006,STG
417,[-51133.205735  -6992.576808 -11385.34225 ],['STG' 'STG'],SLCH006,STG
418,[-54316.72963   -7617.893225  -9271.032771],['STG' 'STG'],SLCH006,STG
419,[-57507.84952    -7739.377198   -7264.5917615],['STG' 'STG'],SLCH006,STG
420,[-60706.56541    -7357.028727   -5366.0192235],['STG' 'STG'],SLCH006,STG
421,[-39244.820395 -30720.218715 -16463.963165],['FUG' 'FUG'],SLCH006,VS
422,[-42610.40379 -30998.77267 -17320.92314],['FUG' 'FUG'],SLCH006,VS
423,[-46009.36069  -31409.507105 -18728.98962 ],['FUG' 'FUG'],SLCH006,VS
424,[-49932.34615  -31186.59411  -19652.942565],['FUG' 'FUG'],SLCH006,VS
425,[-54371.76417 -30833.86613 -19984.9135 ],['ITG' 'ITG'],SLCH006,VS
426,[-57703.974065 -30980.2396   -20290.766975],['ITG' 'ITG'],SLCH006,VS
427,[-61069.557465 -31258.793555 -21147.726955],['ITG' 'ITG'],SLCH006,VS
428,[-21581.045335 -39977.86776  -16932.559855],['PHG' 'PHG'],SLCH006,PHC
429,[-24879.881725 -39992.06074  -16687.306825],['FUG' 'FUG'],SLCH006,VS
430,[-28695.150685 -39876.438735 -15850.071785],['FUG' 'FUG'],SLCH006,VS
431,[-32510.419645 -39760.816735 -15012.836745],['FUG' 'FUG'],SLCH006,VS
432,[-36392.435605 -39909.555705 -15277.814715],['FUG' 'FUG'],SLCH006,VS
433,[-51746.03594  -40347.441585 -13474.32561 ],['FUG' 'FUG'],SLCH006,VS
434,[-55635.6479  -39992.34811 -13847.17205],['MTG' 'MTG'],SLCH006,MTG
435,[-59510.06786 -40644.91952 -14004.28155],['MTG' 'MTG'],SLCH006,MTG
436,[-63908.51638  -40663.843495 -13677.27751 ],['MTG' 'MTG'],SLCH006,MTG
437,[-23731.459645 -52608.03034  -16384.640545],['FUG' 'FUG'],SLCH006,VS
438,[-50270.836795 -52242.631265 -16842.779275],['ITG' 'ITG'],SLCH006,VS
439,[-54152.852755 -52391.370235 -17107.757245],['ITG' 'ITG'],SLCH006,VS
440,[-58584.67478  -52542.474695 -17331.85971 ],['ITG' 'ITG'],SLCH006,VS
441,[-61883.51117  -52556.667675 -17086.60668 ],['ITG' 'ITG'],SLCH006,VS
442,[-13622.26252  -66672.759815 -14100.082455],['LG' 'LG'],SLCH006,VS
443,[-16954.472415 -66819.133285 -14405.93593 ],['LG' 'LG'],SLCH006,VS
444,[-20844.08437  -66464.039805 -14778.78237 ],['LG' 'LG'],SLCH006,VS
445,[-24733.69633 -66108.94633 -15151.62881],['LG' 'LG'],SLCH006,VS
446,[-28615.71229 -66257.6853  -15416.60678],['FUG' 'FUG'],SLCH006,VS
447,[-32471.950745 -65770.411335 -15238.346715],['FUG' 'FUG'],SLCH006,VS
448,[-36320.593205 -65786.969815 -14952.21818 ],['FUG' 'FUG'],SLCH006,VS
449,[-17998.1675  -56457.96494 -13067.04684],['FUG' 'FUG'],SLCH006,VS
450,[-21248.4384   -57347.642325 -12054.950365],['FUG' 'FUG'],SLCH006,VS
451,[-25048.51536 -58239.68521 -11001.97839],['FUG' 'FUG'],SLCH006,VS
452,[-28848.59232  -59131.728095  -9949.006414],['FUG' 'FUG'],SLCH006,VS
453,[-32091.26722  -60525.237925  -8829.041469],['FUG' 'FUG'],SLCH006,VS
454,[-35850.37468  -61788.932765  -7117.094517],['FUG' 'FUG'],SLCH006,VS
455,[-39650.45164  -62680.97565   -6064.122539],['FUG' 'FUG'],SLCH006,VS
456,[ -1781.070149 -82578.554095 -19694.517425],['LG' 'LG'],SLCH006,VS
457,[ -5143.664036 -80709.59779  -20431.84478 ],['LG' 'LG'],SLCH006,VS
458,[ -9040.87199 -79850.67187 -20912.55969],['FUG' 'FUG'],SLCH006,VS
459,[-12889.51445  -79867.23035  -20626.431155],['FUG' 'FUG'],SLCH006,VS
460,[-16745.75291  -79379.956385 -20448.171095],['FUG' 'FUG'],SLCH006,VS
461,[-27716.096715 -78791.253405 -19187.422965],['FUG' 'FUG'],SLCH006,VS
462,[-32047.79824  -78545.816415 -17758.20592 ],['IOG' 'IOG'],SLCH006,N
463,[-35272.29163  -78799.48087  -16302.871415],['IOG' 'IOG'],SLCH006,N
464,[-38530.158525 -79185.32581  -15398.64341 ],['IOG' 'IOG'],SLCH006,N
465,[-30199.85132  -38815.992845 -22369.834665],['FUG' 'FUG'],SLCH006,VS
466,[-32910.90166  -41346.98255  -21626.114785],['FUG' 'FUG'],SLCH006,VS
467,[-35621.951995 -43877.97226  -20882.39491 ],['FUG' 'FUG'],SLCH006,VS
468,[-38325.406335 -46912.79441  -20030.80656 ],['FUG' 'FUG'],SLCH006,VS
469,[-41036.456675 -49443.784115 -19287.08668 ],['FUG' 'FUG'],SLCH006,VS
470,[ -2130.538777  -72631.758705    2052.6594845],['CN' 'CN'],SLCH006,N
471,[ -5447.556675  -73785.797065    1962.5429515],['CN' 'CN'],SLCH006,N
472,[ -9864.1867045 -74944.566415    1954.177428 ],['CN' 'CN'],SLCH006,N
473,[-13764.38417  -76233.15075    1353.829897],['CN' 'CN'],SLCH006,N
474,[-17122.37157 -77015.53715    604.73839],['CN' 'CN'],SLCH006,N
475,[-20439.38947  -78169.57551     514.621857],['CN' 'CN'],SLCH006,N
476,[-34866.224195 -83558.653345   -758.437801],['IOG' 'IOG'],SLCH006,N
477,[-38157.46459   -84076.67877     -405.3163015],['IOG' 'IOG'],SLCH006,N
478,[-42024.288555 -85233.082625   -454.55733 ],['IOG' 'IOG'],SLCH006,N
479,[-45883.51652   -86893.318925    -395.9298875],['IOG' 'IOG'],SLCH006,N
480,[ -8812.500898 -31882.33922    2503.890844],['THAL' 'THAL'],SLCH006,THAL
481,[-13177.57592  -31769.082715   3382.001385],['THAL' 'THAL'],SLCH006,THAL
482,[-17026.21838   -31785.641195    3668.1299185],['THAL' 'THAL'],SLCH006,THAL
483,[-43951.5236    -32909.215455    5886.7665945],['STG' 'STG'],SLCH006,STG
484,[-48316.59862  -32795.95895    6764.877136],['STG' 'STG'],SLCH006,STG
485,[-52165.24108   -32812.51743     7051.0056695],['STG' 'STG'],SLCH006,STG
486,[-56013.88354  -32829.07591    7337.134203],['STG' 'STG'],SLCH006,STG
487,[-59895.8995   -32977.814875   7072.156233],['STG' 'STG'],SLCH006,STG
488,[-63785.51146   -32622.721395    6699.3097925],['STG' 'STG'],SLCH006,STG
489,[ -5511.558621  -60157.431585    1362.3887255],['RS' 'RS'],SLCH006,N
490,[ -9360.2010775 -60173.990065    1648.517259 ],['RS' 'RS'],SLCH006,N
491,[-13208.843535  -60190.548545    1934.6457925],['RS' 'RS'],SLCH006,N
492,[-17057.485995  -60207.107025    2220.7743255],['RS' 'RS'],SLCH006,N
493,[-20389.69589  -60353.480495   1914.920851],['RS' 'RS'],SLCH006,N
494,[-44172.446715 -60480.086375   1360.273074],['ITS' 'ITS'],SLCH006,VS
495,[-48054.462675  -60628.825345    1095.2951045],['ITS' 'ITS'],SLCH006,VS
496,[-51353.299065 -60643.01833    1340.548133],['MTG' 'MTG'],SLCH006,MTG
497,[-54659.731455  -60153.37887     1477.9326905],['MTG' 'MTG'],SLCH006,MTG
498,[-58508.373915 -60169.93735    1764.061224],['MTG' 'MTG'],SLCH006,MTG
499,[ -1763.578285 -50276.479205  26896.91956 ],['PCC' 'PCC'],SLCH006,PCC
500,[ -5136.757679 -50051.200715  25932.091115],['PCC' 'PCC'],SLCH006,PCC
501,[ -9067.339136 -49324.45528   24900.2697  ],['PCC' 'PCC'],SLCH006,PCC
502,[-12964.54709  -48465.52936   24419.554785],['PCC' 'PCC'],SLCH006,PCC
503,[-44092.028265 -47268.459355  21209.282175],['STS' 'STS'],SLCH006,STS
504,[-48531.44629  -46915.731375  20877.311235],['STS' 'STS'],SLCH006,STS
505,[-52421.058245 -46560.6379    20504.464795],['AG' 'AG'],SLCH006,parietal
506,[-55727.490635 -46070.99844   20641.849355],['AG' 'AG'],SLCH006,parietal
507,[-37558.01654  -36200.846125  38135.858115],['SPL' 'SPL'],SLCH006,parietal
508,[-37206.100025 -33739.1959    43982.292705],['SPL' 'SPL'],SLCH006,parietal
509,[-37370.616075 -31147.73069   50420.709305],['PostCG' 'PostCG'],SLCH006,S1
510,[-37542.72812  -28052.433035  56751.257435],['PostCG' 'PostCG'],SLCH006,S1
511,[-37748.213665 -25089.315865  62530.699065],['PostCG' 'PostCG'],SLCH006,S1
512,[ -9454.4378715 -22144.7198     -7692.575027 ],['VTA' 'VTA'],SLCH006,N
513,[-12537.84126   -22373.49476    -3924.9460375],['THAL' 'THAL'],SLCH006,THAL
514,[-15104.812085  -22732.08471     -749.2990565],['THAL' 'THAL'],SLCH006,THAL
515,[-18188.215475  -22960.859675    3018.3299325],['THAL' 'THAL'],SLCH006,THAL
516,[-27988.23171 -23649.55006  14362.0924 ],['INS' 'INS'],SLCH006,INS
517,[-31064.0391   -24382.157465  18237.58986 ],['INS' 'INS'],SLCH006,INS
518,[-33623.41393  -25244.579855  21521.105315],['INS' 'INS'],SLCH006,INS
519,[-43415.83417  -26437.102685  32972.736255],['SMG' 'SMG'],SLCH006,parietal
520,[-47015.67012  -26536.06266   37332.347255],['SMG' 'SMG'],SLCH006,parietal
521,[-50648.879575 -26767.20312   41140.85175 ],['SMG' 'SMG'],SLCH006,parietal
522,[ 15722.306455 -68405.648255 -12971.609335],['FUG' 'FUG'],SLCH006,VS
523,[ 19039.32435  -67251.609895 -12881.4928  ],['FUG' 'FUG'],SLCH006,VS
524,[ 22880.37081  -66731.21897  -13275.489805],['FUG' 'FUG'],SLCH006,VS
525,[ 26204.98471  -66081.01306  -13077.504805],['FUG' 'FUG'],SLCH006,VS
526,[ 30079.40467  -65428.44165  -12920.395305],['FUG' 'FUG'],SLCH006,VS
527,[ 41669.29105  -63602.9079   -13000.173315],['FUG' 'FUG'],SLCH006,VS
528,[ 45510.337515 -63082.516975 -13394.17032 ],['ITG' 'ITG'],SLCH006,VS
529,[ -2090.110897 -62742.475315  30185.61334 ],['PCN' 'PCN'],SLCH006,N
530,[ -6005.5003585 -63023.39477    29369.528865 ],['PCN' 'PCN'],SLCH006,N
531,[ -9879.920322 -63675.96618   29212.419365],['PCN' 'PCN'],SLCH006,N
532,[-20950.384635 -63483.80465   28819.847985],['IP' 'IP'],SLCH006,parietal
533,[-24799.027095 -63500.36313   29105.97652 ],['IP' 'IP'],SLCH006,parietal
534,[-29223.25312  -64155.300035  28989.742525],['IP' 'IP'],SLCH006,parietal
535,[-33105.26908  -64304.039005  28724.764555],['IP' 'IP'],SLCH006,parietal
536,[-36404.105475 -64318.23199   28970.017585],['IP' 'IP'],SLCH006,parietal
537,[-40252.74793 -64334.79047  29256.14612],['IP' 'IP'],SLCH006,parietal
538,[-44134.76389  -64483.529435  28991.16815 ],['IP' 'IP'],SLCH006,parietal
539,[-48016.77985 -64632.2684   28726.19018],['IP' 'IP'],SLCH006,parietal
540,[ -3140.6675035 -43826.25392    40741.97984  ],['PCN' 'PCN'],SLCH006,N
541,[ -6989.3099625 -43842.812405   41028.108375 ],['PCN' 'PCN'],SLCH006,N
542,[-21908.41673  -43667.209355  40921.665525],['SPL' 'SPL'],SLCH006,parietal
543,[-35686.94187  -43858.527275  41392.44664 ],['SPL' 'SPL'],SLCH006,parietal
544,[-48908.06495  -44551.31214   41930.220725],['SMG' 'SMG'],SLCH006,parietal
545,[-52756.70741 -44567.87062  42216.34926],['SMG' 'SMG'],SLCH006,parietal
546,[ -3586.8746525 -64775.000085   41790.955155 ],['PCN' 'PCN'],SLCH006,N
547,[ -6885.711046 -64789.19307   42036.208185],['PCN' 'PCN'],SLCH006,N
548,[-10767.7270065 -64937.932035   41771.230215 ],['SPL' 'SPL'],SLCH006,parietal
549,[-14649.742965 -65086.671     41506.252245],['SPL' 'SPL'],SLCH006,parietal
550,[-17948.57936  -65100.863985  41751.505275],['SPL' 'SPL'],SLCH006,parietal
551,[-21763.84832  -64985.241985  42588.74031 ],['SPL' 'SPL'],SLCH006,parietal
552,[-26128.92334 -64871.98548  43466.85085],['SPL' 'SPL'],SLCH006,parietal
553,[-29977.5658   -64888.54396   43752.979385],['SPL' 'SPL'],SLCH006,parietal
554,[-33859.58176  -65037.282925  43488.001415],['AG' 'AG'],SLCH006,parietal
555,[-37741.59772  -65186.02189   43223.023445],['AG' 'AG'],SLCH006,parietal
556,[-41590.24018 -65202.58037  43509.15198],['AG' 'AG'],SLCH006,parietal
557,[-45996.2847   -64717.671905  43728.287545],['AG' 'AG'],SLCH006,parietal
558,[-49302.71709  -64228.032445  43865.6721  ],['AG' 'AG'],SLCH006,parietal
559,[ 25.43145267  -5.04271609 -16.51102603],['AMY' 'AMY'],BJH045,AMY
560,[ 40.43401917  -5.64554813 -17.15898152],['INS' 'INS'],BJH045,INS
561,[ 45.41842167  -5.42737916 -17.08747001],['STG' 'STG'],BJH045,STG
562,[ 50.40432167  -5.70387916 -16.89386501],['STS' 'STS'],BJH045,STS
563,[ 55.38872417  -5.48571019 -16.8223535 ],['STS' 'STS'],BJH045,STS
564,[ 29.20803217 -17.09832009 -19.89826284],['HPC' 'HPC'],BJH045,HPC
565,[ 33.18105767 -19.65886445 -18.57957292],['HPC' 'HPC'],BJH045,HPC
566,[ 37.65117567 -21.75238983 -17.36361599],['HPC' 'HPC'],BJH045,HPC
567,[ 10.13111767  33.73229295 -20.59337388],['OFC' 'OFC'],BJH045,OFC
568,[ 13.59956317  33.17807449 -19.7824184 ],['OFC' 'OFC'],BJH045,OFC
569,[ 17.06651117  33.11852499 -19.09355641],['OFC' 'OFC'],BJH045,OFC
570,[ 20.55664117  32.92497499 -18.95803291],['OFC' 'OFC'],BJH045,OFC
571,[ 24.02358917  32.8654255  -18.26917091],['OFC' 'OFC'],BJH045,OFC
572,[ 27.49053717  32.80587601 -17.58030892],['OFC' 'OFC'],BJH045,OFC
573,[ 30.98216467  32.11765703 -17.32269194],['OFC' 'OFC'],BJH045,OFC
574,[ 34.47229467  31.92410703 -17.18716844],['OFC' 'OFC'],BJH045,OFC
575,[ 38.43783267  31.83690754 -16.47894595],['OFC' 'OFC'],BJH045,OFC
576,[ 41.90478067  31.77735805 -15.79008395],['IFG' 'IFG'],BJH045,VLPFC
577,[ 45.39491067  31.58380804 -15.65456045],['IFG' 'IFG'],BJH045,VLPFC
578,[13.68692568 18.5170206  -4.42301598],['CAUD' 'CAUD'],BJH045,N
579,[17.12919418 19.08614058 -3.30290897],['CAUD' 'CAUD'],BJH045,N
580,[27.00227618 21.0478185  -1.19071893],['INS' 'INS'],BJH045,INS
581,[30.44454468 21.61693849 -0.07061192],['INS' 'INS'],BJH045,INS
582,[33.88681318 22.18605847  1.04949509],['INS' 'INS'],BJH045,INS
583,[37.32908169 22.75517846  2.1696021 ],['INS' 'INS'],BJH045,INS
584,[40.27276019 23.35194845  3.27034861],['IFG' 'IFG'],BJH045,VLPFC
585,[43.71502869 23.92106843  4.39045562],['IFG' 'IFG'],BJH045,VLPFC
586,[47.15729719 24.49018842  5.51056263],['IFG' 'IFG'],BJH045,VLPFC
587,[50.10097569 25.08695841  6.61130914],['IFG' 'IFG'],BJH045,VLPFC
588,[15.68861969  7.61005103 11.81918954],['CAUD' 'CAUD'],BJH045,N
589,[19.15556769  7.55050154 12.50805154],['CAUD' 'CAUD'],BJH045,N
590,[22.62251569  7.49095205 13.19691353],['PAL' 'PAL'],BJH045,N
591,[26.11264569  7.29740205 13.33243703],['PAL' 'PAL'],BJH045,N
592,[29.57959369  7.23785255 14.02129902],['INS' 'INS'],BJH045,INS
593,[33.04654169  7.17830306 14.71016102],['INS' 'INS'],BJH045,INS
594,[36.03808169  7.01240306 14.82632401],['FOP' 'FOP'],BJH045,VLPFC
595,[39.52671419  7.31352203 14.83975403],['FOP' 'FOP'],BJH045,VLPFC
596,[43.49225219  7.22632254 15.54797652],['FOP' 'FOP'],BJH045,VLPFC
597,[46.95920019  7.16677304 16.23683852],['FOP' 'FOP'],BJH045,VLPFC
598,[50.44933019  6.97322304 16.37236201],['FOP' 'FOP'],BJH045,VLPFC
599,[53.94095769  6.28500407 16.62997899],['FOP' 'FOP'],BJH045,VLPFC
600,[57.40790569  6.22545458 17.31884099],['FOP' 'FOP'],BJH045,VLPFC
601,[60.87485369  6.16590508 18.00770298],['FOP' 'FOP'],BJH045,VLPFC
602,[ 35.37000069 -11.35904809  12.29871951],['INS' 'INS'],BJH045,INS
603,[ 38.83694869 -11.41859759  12.9875815 ],['INS' 'INS'],BJH045,INS
604,[ 42.28071469 -11.34414657  14.229782  ],['INS' 'INS'],BJH045,INS
605,[ 45.24907269 -11.37604607  14.89928349],['PostCG' 'PostCG'],BJH045,S1
606,[ 48.71452319 -10.94092659  15.466052  ],['PostCG' 'PostCG'],BJH045,S1
607,[ 52.15679169 -10.3718066   16.58615901],['PostCG' 'PostCG'],BJH045,S1
608,[ 55.62373969 -10.43135609  17.27502101],['PostCG' 'PostCG'],BJH045,S1
609,[ 59.58927769 -10.51855559  17.9832435 ],['PostCG' 'PostCG'],BJH045,S1
610,[ 63.03304369 -10.44410457  19.22544399],['PostCG' 'PostCG'],BJH045,S1
611,[10.0654867  37.81468773 18.31266034],['ACC' 'ACC'],BJH045,ACC
612,[13.5541192  38.1158067  18.32609035],['ACC' 'ACC'],BJH045,ACC
613,[23.9968347  39.15316412 18.91971889],['MFG' 'MFG'],BJH045,DLPFC
614,[27.4622852 39.5882836 19.4864874],['MFG' 'MFG'],BJH045,DLPFC
615,[30.9494202  40.38407154 19.37782393],['MFG' 'MFG'],BJH045,DLPFC
616,[34.4380527  40.68519052 19.39125394],['MFG' 'MFG'],BJH045,DLPFC
617,[37.9281827  40.49164052 19.52677744],['MFG' 'MFG'],BJH045,DLPFC
618,[41.4168152  40.79275949 19.54020745],['MFG' 'MFG'],BJH045,DLPFC
619,[44.8807682  41.72254794 19.98488247],['MFG' 'MFG'],BJH045,DLPFC
620,[ 5.7238832  19.17713104 33.36788914],['ACC' 'ACC'],BJH045,ACC
621,[ 9.21251571 19.47825001 33.38131916],['ACC' 'ACC'],BJH045,ACC
622,[12.70114821 19.77936899 33.39474917],['ACC' 'ACC'],BJH045,ACC
623,[16.16510121 20.70915744 33.83942419],['ACC' 'ACC'],BJH045,ACC
624,[37.07371421 22.64987178 34.47334277],['MFG' 'MFG'],BJH045,DLPFC
625,[40.53916471 23.08499125 35.04011128],['MFG' 'MFG'],BJH045,DLPFC
626,[44.00461521 23.52011073 35.60687979],['MFG' 'MFG'],BJH045,DLPFC
627,[47.49175021 24.31589868 35.49821632],['MFG' 'MFG'],BJH045,DLPFC
628,[50.98038271 24.61701765 35.51164633],['MFG' 'MFG'],BJH045,DLPFC
629,[ 7.19431271 -2.62992069 41.13353144],['SMA' 'SMA'],BJH045,premotor
630,[10.68444271 -2.82347069 41.26905493],['SMA' 'SMA'],BJH045,premotor
631,[14.17457271 -3.01702069 41.40457843],['SMA' 'SMA'],BJH045,premotor
632,[35.07048621 -4.40498865 43.44648989],['PreCG' 'PreCG'],BJH045,M1
633,[38.56211371 -5.09320763 43.70410687],['PreCG' 'PreCG'],BJH045,M1
634,[42.05224371 -5.28675763 43.83963037],['PreCG' 'PreCG'],BJH045,M1
635,[45.54237371 -5.48030763 43.97515387],['PreCG' 'PreCG'],BJH045,M1
636,[49.03250371 -5.67385763 44.11067736],['PreCG' 'PreCG'],BJH045,M1
637,[52.52263371 -5.86740763 44.24620086],['PreCG' 'PreCG'],BJH045,M1
638,[  6.29740671 -20.65070471  44.38349888],['SMA' 'SMA'],BJH045,premotor
639,[  9.80922121 -20.48358625  43.8435904 ],['SMA' 'SMA'],BJH045,premotor
640,[ 34.30817971 -21.74576881  43.01014589],['PostCG' 'PostCG'],BJH045,S1
641,[ 37.79830971 -21.93931881  43.14566939],['PostCG' 'PostCG'],BJH045,S1
642,[ 41.78702971 -22.16051881  43.30055339],['PostCG' 'PostCG'],BJH045,S1
643,[ 45.27715971 -22.35406881  43.43607688],['PostCG' 'PostCG'],BJH045,S1
644,[ 48.79047171 -22.68161932  43.01826188],['SMG' 'SMG'],BJH045,parietal
645,[ 52.30228621 -22.51450085  42.4783534 ],['SMG' 'SMG'],BJH045,parietal
646,[ 5.4898827  52.18226997 15.82647528],['SFG' 'SFG'],BJH045,premotor
647,[ 8.4814227  52.01636997 15.94263827],['SFG' 'SFG'],BJH045,premotor
648,[11.9700552  52.31748894 15.95606828],['SFG' 'SFG'],BJH045,premotor
649,[15.9572777  52.59095792 15.9888588 ],['SFG' 'SFG'],BJH045,premotor
650,[19.4459102  52.89207689 16.00228881],['SFG' 'SFG'],BJH045,premotor
651,[22.9345427  53.19319586 16.01571882],['SFG' 'SFG'],BJH045,premotor
652,[26.4246727  52.99964586 16.15124232],['MFG' 'MFG'],BJH045,DLPFC
653,[29.8916207  52.94009636 16.84010431],['MFG' 'MFG'],BJH045,DLPFC
654,[33.3817507  52.74654636 16.97562781],['MFG' 'MFG'],BJH045,DLPFC
655,[36.8950627  52.41899586 16.55781281],['MFG' 'MFG'],BJH045,DLPFC
656,[ 7.95568772 14.16853781 54.61733728],['SFG' 'SFG'],BJH045,premotor
657,[11.44731522 13.48031884 54.87495427],['SFG' 'SFG'],BJH045,premotor
658,[14.93894272 12.79209987 55.13257125],['SFG' 'SFG'],BJH045,premotor
659,[18.43057022 12.10388089 55.39018823],['SFG' 'SFG'],BJH045,premotor
660,[21.44828722 10.81464244 55.1971997 ],['SFG' 'SFG'],BJH045,premotor
661,[24.96309672  9.99242296 54.90147818],['SFG' 'SFG'],BJH045,premotor
662,[28.45472422  9.30420399 55.15909516],['MFG' 'MFG'],BJH045,DLPFC
663,[31.96953372  8.48198451 54.86337364],['MFG' 'MFG'],BJH045,DLPFC
664,[35.48434322  7.65976503 54.56765213],['MFG' 'MFG'],BJH045,DLPFC
665,[ 8.57530473 -4.11684939 70.2974161 ],['SMA' 'SMA'],BJH045,premotor
666,[12.11179873 -4.57840041 69.3262626 ],['SMA' 'SMA'],BJH045,premotor
667,[15.64829273 -5.03995142 68.3551091 ],['SMA' 'SMA'],BJH045,premotor
668,[19.18478672 -5.50150244 67.3839556 ],['SMA' 'SMA'],BJH045,premotor
669,[22.22269072 -5.93540345 66.3934416 ],['SMA' 'SMA'],BJH045,premotor
670,[25.76068222 -6.89162344 65.54438158],['SMA' 'SMA'],BJH045,premotor
671,[29.27549172 -7.71384292 65.24866007],['PreCG' 'PreCG'],BJH045,M1
672,[32.29021372 -8.01374343 64.81148457],['PreCG' 'PreCG'],BJH045,M1
673,[35.82670772 -8.47529444 63.84033107],['PreCG' 'PreCG'],BJH045,M1
674,[  5.59074472 -20.45404077  62.5137402 ],['SMA' 'SMA'],BJH045,premotor
675,[  9.05769272 -20.51359026  63.2026022 ],['SMA' 'SMA'],BJH045,premotor
676,[ 12.54782272 -20.70714026  63.33812569],['SMA' 'SMA'],BJH045,premotor
677,[ 16.03795272 -20.90069026  63.47364919],['SMA' 'SMA'],BJH045,premotor
678,[ 19.52808272 -21.09424026  63.60917269],['PreCG' 'PreCG'],BJH045,M1
679,[ 23.01821272 -21.28779026  63.74469618],['PreCG' 'PreCG'],BJH045,M1
680,[ 26.48516072 -21.34733976  64.43355818],['PreCG' 'PreCG'],BJH045,M1
681,[ 29.95210872 -21.40688925  65.12242017],['PreCG' 'PreCG'],BJH045,M1
682,[ 33.94082872 -21.62808925  65.27730417],['PostCG' 'PostCG'],BJH045,S1
683,[ 37.43095872 -21.82163925  65.41282767],['PostCG' 'PostCG'],BJH045,S1
684,[ 40.91959122 -21.52052028  65.42625768],['PostCG' 'PostCG'],BJH045,S1
685,[  5.60593171 -32.14444293  53.07195396],['SMA' 'SMA'],BJH045,premotor
686,[  9.09606171 -32.33799293  53.20747746],['SMA' 'SMA'],BJH045,premotor
687,[ 30.53243671 -32.53760499  53.79579197],['PostCG' 'PostCG'],BJH045,S1
688,[ 34.02256671 -32.73115499  53.93131547],['PostCG' 'PostCG'],BJH045,S1
689,[ 37.01410671 -32.89705499  54.04747846],['PostCG' 'PostCG'],BJH045,S1
690,[ 40.50423671 -33.09060499  54.18300196],['PostCG' 'PostCG'],BJH045,S1
691,[ 43.99436671 -33.28415499  54.31852546],['SMG' 'SMG'],BJH045,parietal
692,[ 47.48449671 -33.47770499  54.45404895],['SMG' 'SMG'],BJH045,parietal
693,[ 51.47321671 -33.69890499  54.60893295],['SMG' 'SMG'],BJH045,parietal
694,[-7.50428029 47.18549065 30.82026946],['SFG' 'SFG'],BJH045,premotor
695,[-10.99441029  47.37904065  30.68474597],['SFG' 'SFG'],BJH045,premotor
696,[-14.48454029  47.57259065  30.54922247],['SFG' 'SFG'],BJH045,premotor
697,[-17.97467029  47.76614065  30.41369897],['SFG' 'SFG'],BJH045,premotor
698,[-21.46480029  47.95969065  30.27817548],['SFG' 'SFG'],BJH045,premotor
699,[-24.95493029  48.15324065  30.14265198],['SFG' 'SFG'],BJH045,premotor
700,[-28.44506029  48.34679065  30.00712848],['MFG' 'MFG'],BJH045,DLPFC
701,[-31.93519029  48.54034065  29.87160499],['MFG' 'MFG'],BJH045,DLPFC
702,[-35.42532029  48.73389065  29.73608149],['MFG' 'MFG'],BJH045,DLPFC
703,[ -8.16733928 -12.16345701  67.16594688],['SMA' 'SMA'],BJH045,premotor
704,[-11.63578478 -11.60923854  66.3549914 ],['SMA' 'SMA'],BJH045,premotor
705,[-14.60564028 -11.08267007  65.56339642],['SMA' 'SMA'],BJH045,premotor
706,[-18.07258828 -11.02312058  64.87453442],['SMA' 'SMA'],BJH045,premotor
707,[-22.03812628 -10.93592109  64.16631193],['SMA' 'SMA'],BJH045,premotor
708,[-25.50507428 -10.87637159  63.47744993],['SMA' 'SMA'],BJH045,premotor
709,[-28.99520428 -10.68282159  63.34192644],['SMA' 'SMA'],BJH045,premotor
710,[-32.46364978 -10.12860313  62.53097096],['PreCG' 'PreCG'],BJH045,M1
711,[-35.93209528  -9.57438466  61.72001548],['PreCG' 'PreCG'],BJH045,M1
712,[-39.42222528  -9.38083466  61.58449198],['PreCG' 'PreCG'],BJH045,M1
713,[-42.91235528  -9.18728466  61.44896848],['PreCG' 'PreCG'],BJH045,M1
714,[-29.5631    -8.241775 -24.41945 ],['HPC' 'HPC'],LL14,HPC
715,[-51.4358    -6.704585 -28.9764  ],['MTG' 'MTG'],LL14,MTG
716,[-56.69195   -5.956445 -30.4154  ],['MTG' 'MTG'],LL14,MTG
717,[-33.31405 -19.97375 -17.65535],['HPC' 'HPC'],LL14,HPC
718,[-59.11845 -29.68325 -11.55315],['MTG' 'MTG'],LL14,MTG
719,[-64.5444  -30.72185  -9.78214],['MTG' 'MTG'],LL14,MTG
720,[-32.2235 -31.2798 -12.5967],['HPC' 'HPC'],LL14,HPC
721,[-46.02745 -39.80255 -11.77135],['FUG' 'FUG'],LL14,VS
722,[-50.5805 -41.9524 -10.9788],['FUG' 'FUG'],LL14,VS
723,[-55.34455 -44.2304  -10.42985],['ITS' 'ITS'],LL14,VS
724,[-60.1112   -46.61845   -9.726725],['MTG' 'MTG'],LL14,MTG
725,[-28.2131  32.295   22.7111],['MFG' 'MFG'],LL14,DLPFC
726,[-30.22155  32.595    28.1244 ],['MFG' 'MFG'],LL14,DLPFC
727,[-32.515    32.84695  33.29225],['MFG' 'MFG'],LL14,DLPFC
728,[-34.87055  33.49795  38.6876 ],['MFG' 'MFG'],LL14,DLPFC
729,[-9.35839   8.839915 28.3098  ],['ACC' 'ACC'],LL14,ACC
730,[-38.7246   19.47935  35.903  ],['MFG' 'MFG'],LL14,DLPFC
731,[-43.6518   21.28335  37.22295],['MFG' 'MFG'],LL14,DLPFC
732,[-44.18585 -55.92575  49.5803 ],['IPL' 'IPL'],LL14,N
733,[ 30.3299    -0.231826 -24.2398  ],['AMY' 'AMY'],LL14,AMY
734,[ 51.12945     1.0358155 -29.823    ],['MTG' 'MTG'],LL14,MTG
735,[ 55.5187   -10.015225 -24.0463  ],['MTG' 'MTG'],LL14,MTG
736,[ 60.94535  -9.1846  -24.0383 ],['MTG' 'MTG'],LL14,MTG
737,[ 35.66205 -28.7302  -23.76055],['PHG' 'PHG'],LL14,PHC
738,[ 40.75565 -26.2266  -22.843  ],['PHG' 'PHG'],LL14,PHC
739,[ 46.3686 -24.5701 -21.8577],['FUG' 'FUG'],LL14,VS
740,[ 52.15085 -23.01305 -20.85895],['FUG' 'FUG'],LL14,VS
741,[ 57.43935 -21.3527  -19.5352 ],['MTG' 'MTG'],LL14,MTG
742,[ 62.41105 -19.68035 -17.99075],['MTG' 'MTG'],LL14,MTG
743,[25.8952  41.00075 21.98025],['SFS' 'SFS'],LL14,DLPFC
744,[27.28965 41.6748  27.67465],['SFG' 'SFG'],LL14,premotor
745,[28.8916  42.36145 33.3932 ],['SFG' 'SFG'],LL14,premotor
746,[43.3838  34.36775 10.75025],['IFG' 'IFG'],LL14,VLPFC
747,[48.96615 33.92045 11.09005],['IFG' 'IFG'],LL14,VLPFC
748,[54.56495 34.57175 10.82155],['IFG' 'IFG'],LL14,VLPFC
749,[36.7518  12.5853  48.53075],['MFG' 'MFG'],LL14,DLPFC
750,[41.1945  13.475   51.68155],['MFG' 'MFG'],LL14,DLPFC
751,[ 61.13902127 -27.66053977  -8.90249215],['MTG' 'MTG'],BJH050,MTG
752,[ 64.98653627 -27.80350777  -8.89678715],['MTG' 'MTG'],BJH050,MTG
753,[ 56.79367977 -32.1947375  -13.95298583],['ITS' 'ITS'],BJH050,VS
754,[ 60.61922677 -32.95650446 -12.92653739],['ITS' 'ITS'],BJH050,VS
755,[ 34.18087277 -41.74613288 -13.9067428 ],['PHC' 'PHC'],BJH050,PHC
756,[ 39.10756677 -42.04034887 -12.76967386],['PHC' 'PHC'],BJH050,PHC
757,[ 44.58576277 -41.84658989 -11.52279944],['FUG' 'FUG'],BJH050,VS
758,[ 50.05390327 -41.7080309   -9.71105805],['FUG' 'FUG'],BJH050,VS
759,[ 55.52018678 -42.07787089  -8.00830715],['FUG' 'FUG'],BJH050,VS
760,[ 60.44873778 -41.86368791  -6.76224772],['ITS' 'ITS'],BJH050,VS
761,[ 43.33504728 -21.21418606   6.15410193],['A1' 'A1'],BJH050,A1
762,[ 46.63291728 -21.33673006   6.15899193],['A1' 'A1'],BJH050,A1
763,[ 50.47857528 -21.98809703   6.05570644],['A1' 'A1'],BJH050,A1
764,[ 54.32423328 -22.639464     5.95242095],['A1' 'A1'],BJH050,A1
765,[ 58.16989128 -23.29083097   5.84913545],['STG' 'STG'],BJH050,STG
766,[ 62.56519428 -23.96262194   5.74666496],['STG' 'STG'],BJH050,STG
767,[36.97338877 -2.74513317  0.2472602 ],['PUT' 'PUT'],BJH050,N
768,[40.25300477 -2.46967819  1.49087463],['INS' 'INS'],BJH050,INS
769,[44.09417827 -1.65104825  2.27942758],['INS' 'INS'],BJH050,INS
770,[47.93535177 -0.8324183   3.06798052],['INS' 'INS'],BJH050,INS
771,[ 5.12168248e+01 -4.85643533e-02  4.42058544e+00],['PreCG' 'PreCG'],BJH050,M1
772,[55.05799827  0.77006559  5.20913839],['PreCG' 'PreCG'],BJH050,M1
773,[58.89731477  1.08029657  5.88870085],['PreCG' 'PreCG'],BJH050,M1
774,[ 33.37943426   4.76822235 -11.44249914],['PIR' 'PIR'],BJH050,N
775,[35.54707726  7.00772122 -8.63481881],['PIR' 'PIR'],BJH050,N
776,[37.17513076  9.32284408 -6.39282046],['INS' 'INS'],BJH050,INS
777,[38.80132726 11.12956798 -4.25981259],['INS' 'INS'],BJH050,INS
778,[40.96897026 13.36906685 -1.45213227],['INS' 'INS'],BJH050,INS
779,[43.14666876 15.66376571  0.79068109],['INS' 'INS'],BJH050,INS
780,[45.32251027 17.45006561  2.92450396],['IFG' 'IFG'],BJH050,VLPFC
781,[47.49015327 19.68956448  5.73218428],['IFG' 'IFG'],BJH050,VLPFC
782,[49.65779627 21.92906335  8.5398646 ],['IFG' 'IFG'],BJH050,VLPFC
783,[51.83363777 23.71536324 10.67368747],['IFG' 'IFG'],BJH050,VLPFC
784,[54.01133627 26.01006211 12.91650083],['IFG' 'IFG'],BJH050,VLPFC
785,[ 25.89126274  26.61611604 -14.32856956],['OFC' 'OFC'],BJH050,OFC
786,[ 29.73057924  26.92634702 -13.6490071 ],['OFC' 'OFC'],BJH050,OFC
787,[ 33.56989575  27.23657799 -12.96944464],['OFC' 'OFC'],BJH050,OFC
788,[ 37.40921225  27.54680897 -12.28988218],['OFC' 'OFC'],BJH050,OFC
789,[ 41.24852875  27.85703994 -11.61031972],['OFC' 'OFC'],BJH050,OFC
790,[ 45.07778975  28.11207093 -10.3658903 ],['IFG' 'IFG'],BJH050,VLPFC
791,[ 6.24390127 36.54013259 13.56870025],['ACC' 'ACC'],BJH050,ACC
792,[10.09141627 36.39716459 13.57440525],['ACC' 'ACC'],BJH050,ACC
793,[13.93893127 36.25419659 13.58011025],['ACC' 'ACC'],BJH050,ACC
794,[37.00576727 35.79438757 14.85306467],['MFG' 'MFG'],BJH050,DLPFC
795,[40.85328227 35.65141957 14.85876967],['MFG' 'MFG'],BJH050,DLPFC
796,[45.25229927 35.99642654 14.97428016],['MFG' 'MFG'],BJH050,DLPFC
797,[49.08975877 35.79825854 15.54485213],['MFG' 'MFG'],BJH050,DLPFC
798,[52.92721827 35.60009055 16.1154241 ],['MFG' 'MFG'],BJH050,DLPFC
799,[ 48.23990232 -43.09958768  31.50268602],['AG' 'AG'],BJH050,parietal
800,[ 52.06096482 -42.39135772  33.4209729 ],['AG' 'AG'],BJH050,parietal
801,[ 56.43352932 -41.1951528   35.44906527],['AG' 'AG'],BJH050,parietal
802,[ 60.80609382 -39.99894787  37.47715765],['AG' 'AG'],BJH050,parietal
803,[-20.49709525 -15.21338037 -20.27201953],['HPC' 'HPC'],BJH050,HPC
804,[ -5.   20.5 -16.9],['OFC' 'OFC'],BJH027,OFC
805,[ -8.4   21.25 -16.15],['OFC' 'OFC'],BJH027,OFC
806,[-11.75  22.05 -15.45],['OFC' 'OFC'],BJH027,OFC
807,[-15.1  23.3 -14.9],['OFC' 'OFC'],BJH027,OFC
808,[-19.05  24.5  -14.4 ],['OFC' 'OFC'],BJH027,OFC
809,[-22.95  25.55 -14.45],['OFC' 'OFC'],BJH027,OFC
810,[-26.25  26.15 -14.25],['OFC' 'OFC'],BJH027,OFC
811,[-29.6  26.9 -13.5],['OFC' 'OFC'],BJH027,OFC
812,[-33.55  28.15 -12.95],['OFC' 'OFC'],BJH027,OFC
813,[-37.45  29.4  -12.45],['OFC' 'OFC'],BJH027,OFC
814,[-40.8   30.6  -11.95],['OFC' 'OFC'],BJH027,OFC
815,[-44.75  31.85 -11.45],['OFC' 'OFC'],BJH027,OFC
816,[-48.65  32.65 -10.75],['OFC' 'OFC'],BJH027,OFC
817,[-29.1    2.95 -19.45],['PIR' 'PIR'],BJH027,N
818,[-29.9    3.9  -15.65],['INS' 'INS'],BJH027,INS
819,[-31.3    5.95 -11.75],['INS' 'INS'],BJH027,INS
820,[-33.2    7.95  -7.85],['INS' 'INS'],BJH027,INS
821,[-34.55   9.5   -3.7 ],['INS' 'INS'],BJH027,INS
822,[-35.35  11.35  -0.25],['INS' 'INS'],BJH027,INS
823,[-36.2   13.4    3.65],['INS' 'INS'],BJH027,INS
824,[-36.5   15.65   8.1 ],['INS' 'INS'],BJH027,INS
825,[-40.05  21.8   19.95],['MFG' 'MFG'],BJH027,DLPFC
826,[-41.4   23.85  23.85],['MFG' 'MFG'],BJH027,DLPFC
827,[-42.2   25.7   27.25],['MFG' 'MFG'],BJH027,DLPFC
828,[-43.    27.55  30.7 ],['MFG' 'MFG'],BJH027,DLPFC
829,[-44.4   30.05  34.45],['MFG' 'MFG'],BJH027,DLPFC
830,[-11.3   -8.55   3.5 ],['THAL' 'THAL'],BJH027,THAL
831,[-30.2  -8.8   6.3],['PUT' 'PUT'],BJH027,N
832,[-34.05  -9.15   6.85],['PUT' 'PUT'],BJH027,N
833,[-37.9  -9.1   7.2],['INS' 'INS'],BJH027,INS
834,[-41.8   -9.     7.55],['INS' 'INS'],BJH027,INS
835,[-45.65  -9.35   8.1 ],['postCG' 'postCG'],BJH027,S1
836,[-49.5   -9.75   8.65],['postCG' 'postCG'],BJH027,S1
837,[-53.4   -9.65   9.05],['postCG' 'postCG'],BJH027,S1
838,[-57.3   -9.55   9.45],['postCG' 'postCG'],BJH027,S1
839,[-60.65  -9.45   9.85],['postCG' 'postCG'],BJH027,S1
840,[-64.45 -10.05   9.9 ],['postCG' 'postCG'],BJH027,S1
841,[ -7.3  -50.4   24.15],['PCC' 'PCC'],BJH027,PCC
842,[-10.6  -50.75  24.75],['PCC' 'PCC'],BJH027,PCC
843,[-52.45 -56.    26.55],['TPJ' 'TPJ'],BJH027,parietal
844,[-56.25 -56.55  26.6 ],['TPJ' 'TPJ'],BJH027,parietal
845,[-60.05 -57.15  26.65],['TPJ' 'TPJ'],BJH027,parietal
846,[-25.1  15.  -40.3],['TP' 'TP'],BJH027,TP
847,[-28.55  15.75 -38.35],['TP' 'TP'],BJH027,TP
848,[-31.95  16.45 -36.4 ],['TP' 'TP'],BJH027,TP
849,[-34.8   17.15 -34.45],['TP' 'TP'],BJH027,TP
850,[-38.75  17.15 -32.9 ],['TP' 'TP'],BJH027,TP
851,[-42.2   16.9  -30.55],['TP' 'TP'],BJH027,TP
852,[-44.5   16.7  -28.15],['TP' 'TP'],BJH027,TP
853,[-47.3   15.85 -26.15],['TP' 'TP'],BJH027,TP
854,[-30.35  -0.2  -45.95],['PRH' 'PRH'],BJH027,PRH
855,[-36.05   0.65 -43.55],['PRH' 'PRH'],BJH027,PRH
856,[-41.15   1.3  -41.65],['PRH' 'PRH'],BJH027,PRH
857,[-46.2    1.95 -39.75],['ITG' 'ITG'],BJH027,VS
858,[-51.25   2.15 -37.65],['MTG' 'MTG'],BJH027,MTG
859,[-18.45  -3.3  -20.6 ],['AMY' 'AMY'],BJH027,AMY
860,[-21.75  -3.65 -20.05],['AMY' 'AMY'],BJH027,AMY
861,[-25.1   -4.3  -18.75],['AMY' 'AMY'],BJH027,AMY
862,[-36.25  -6.2  -14.95],['INS' 'INS'],BJH027,INS
863,[-40.1   -6.6  -14.35],['INS' 'INS'],BJH027,INS
864,[-44.   -7.  -13.8],['INS' 'INS'],BJH027,INS
865,[-55.2   -7.95 -10.35],['STG' 'STG'],BJH027,STG
866,[-58.55  -8.15  -9.25],['STG' 'STG'],BJH027,STG
867,[-62.45  -8.3   -8.2 ],['STG' 'STG'],BJH027,STG
868,[-20.9  -10.1  -22.75],['HPC' 'HPC'],BJH027,HPC
869,[-23.6 -11.6 -22.3],['HPC' 'HPC'],BJH027,HPC
870,[-33.95 -16.8  -21.35],['HPC' 'HPC'],BJH027,HPC
871,[-37.75 -18.5  -21.45],['FUG' 'FUG'],BJH027,VS
872,[-58.55 -26.6  -19.25],['MTG' 'MTG'],BJH027,MTG
873,[-61.85 -28.1  -18.8 ],['MTG' 'MTG'],BJH027,MTG
874,[-65.7 -29.6 -18.4],['MTG' 'MTG'],BJH027,MTG
875,[-18.05 -12.25 -32.6 ],['EC' 'EC'],BJH027,EC
876,[-22.4  -12.75 -33.8 ],['EC' 'EC'],BJH027,EC
877,[-26.2  -13.05 -34.5 ],['EC' 'EC'],BJH027,EC
878,[-30.   -13.4  -35.15],['EC' 'EC'],BJH027,EC
879,[-33.85 -13.55 -35.3 ],['FUG' 'FUG'],BJH027,VS
880,[-37.7  -13.15 -35.65],['FUG' 'FUG'],BJH027,VS
881,[-41.55 -13.25 -35.8 ],['FUG' 'FUG'],BJH027,VS
882,[-45.4  -13.4  -35.95],['ITG' 'ITG'],BJH027,VS
883,[-49.25 -13.   -36.3 ],['ITG' 'ITG'],BJH027,VS
884,[-53.1  -13.1  -36.45],['ITG' 'ITG'],BJH027,VS
885,[-56.9  -13.45 -37.1 ],['ITG' 'ITG'],BJH027,VS
886,[-34.4  -29.   -16.45],['HPC' 'HPC'],BJH027,HPC
887,[-39.35 -30.55 -16.1 ],['PHG' 'PHG'],BJH027,PHC
888,[-59.6  -37.65 -14.2 ],['MTG' 'MTG'],BJH027,MTG
889,[-12.15 -35.45 -16.95],['PHG' 'PHG'],BJH027,PHC
890,[-15.45 -36.   -16.9 ],['PHG' 'PHG'],BJH027,PHC
891,[-19.25 -37.25 -17.2 ],['PHG' 'PHG'],BJH027,PHC
892,[-23.05 -38.   -17.7 ],['PHG' 'PHG'],BJH027,PHC
893,[-26.3  -38.75 -18.15],['FUG' 'FUG'],BJH027,VS
894,[-29.55 -40.   -18.4 ],['FUG' 'FUG'],BJH027,VS
895,[-33.4  -41.05 -18.2 ],['FUG' 'FUG'],BJH027,VS
896,[-37.75 -41.85 -18.7 ],['FUG' 'FUG'],BJH027,VS
897,[-41.55 -42.6  -19.2 ],['ITG' 'ITG'],BJH027,VS
898,[-44.8  -43.8  -19.45],['ITG' 'ITG'],BJH027,VS
899,[-48.05 -45.05 -19.7 ],['ITG' 'ITG'],BJH027,VS
900,[-51.85 -46.3  -20.  ],['ITG' 'ITG'],BJH027,VS
901,[-55.65 -47.55 -20.3 ],['ITG' 'ITG'],BJH027,VS
902,[-59.45 -48.35 -20.8 ],['ITG' 'ITG'],BJH027,VS
903,[-63.25 -49.1  -21.25],['ITG' 'ITG'],BJH027,VS
904,[-12.15 -27.6   -0.85],['THAL' 'THAL'],BJH027,THAL
905,[-15.45 -27.25  -1.2 ],['THAL' 'THAL'],BJH027,THAL
906,[-38.1  -24.2   -2.35],['INS' 'INS'],BJH027,INS
907,[-49.6  -22.4   -3.05],['STG' 'STG'],BJH027,STG
908,[-53.5  -21.4   -3.05],['STG' 'STG'],BJH027,STG
909,[-57.35 -20.55  -3.55],['STG' 'STG'],BJH027,STG
910,[-60.65 -19.7   -4.1 ],['STG' 'STG'],BJH027,STG
911,[-63.95 -19.35  -4.45],['STG' 'STG'],BJH027,STG
912,[ 26.35  -3.85 -44.6 ],['PRH' 'PRH'],BJH027,PRH
913,[ 29.65  -4.25 -44.3 ],['PRH' 'PRH'],BJH027,PRH
914,[ 33.45  -4.4  -43.4 ],['PRH' 'PRH'],BJH027,PRH
915,[ 37.3   -4.55 -42.55],['PRH' 'PRH'],BJH027,PRH
916,[ 41.1   -4.25 -41.9 ],['PRH' 'PRH'],BJH027,PRH
917,[ 44.9   -3.95 -41.2 ],['PRH' 'PRH'],BJH027,PRH
918,[ 48.7   -3.65 -40.55],['ITG' 'ITG'],BJH027,VS
919,[ 51.95  -3.8  -39.7 ],['ITG' 'ITG'],BJH027,VS
920,[ 15.8   -3.55 -22.35],['AMY' 'AMY'],BJH027,AMY
921,[ 19.6   -3.45 -22.2 ],['AMY' 'AMY'],BJH027,AMY
922,[ 23.45  -3.35 -22.05],['AMY' 'AMY'],BJH027,AMY
923,[ 26.75  -3.7  -21.75],['AMY' 'AMY'],BJH027,AMY
924,[ 49.85  -3.55 -20.65],['MTG' 'MTG'],BJH027,MTG
925,[ 53.7   -3.45 -20.5 ],['MTG' 'MTG'],BJH027,MTG
926,[ 57.55  -3.35 -20.35],['MTG' 'MTG'],BJH027,MTG
927,[ 23.9  -12.05 -25.15],['HPC' 'HPC'],BJH027,HPC
928,[ 27.8  -12.65 -25.35],['HPC' 'HPC'],BJH027,HPC
929,[ 31.65 -13.5  -24.8 ],['HPC' 'HPC'],BJH027,HPC
930,[ 35.5  -14.3  -24.25],['HPC' 'HPC'],BJH027,HPC
931,[ 39.35 -15.15 -23.75],['HPC' 'HPC'],BJH027,HPC
932,[ 54.85 -18.55 -23.35],['MTG' 'MTG'],BJH027,MTG
933,[ 58.15 -19.15 -23.55],['MTG' 'MTG'],BJH027,MTG
934,[ 61.5  -19.75 -23.75],['MTG' 'MTG'],BJH027,MTG
935,[ 65.4  -20.3  -23.95],['MTG' 'MTG'],BJH027,MTG
936,[ 37.2 -29.3 -16.9],['HPC' 'HPC'],BJH027,HPC
937,[ 54.   -38.2  -17.95],['ITG' 'ITG'],BJH027,VS
938,[ 57.35 -39.7  -17.75],['ITG' 'ITG'],BJH027,VS
939,[ 60.7 -41.2 -17.6],['ITG' 'ITG'],BJH027,VS
940,[ 64.1  -43.4  -17.75],['ITG' 'ITG'],BJH027,VS
941,[-23.95 -40.7  -11.4 ],['PHC' 'PHC'],OS70,PHC
942,[-27.4  -40.35 -11.15],['PHC' 'PHC'],OS70,PHC
943,[-30.85 -40.05 -10.85],['PHC' 'PHC'],OS70,PHC
944,[-34.35 -39.75 -10.55],['PHC' 'PHC'],OS70,PHC
945,[-44.75 -38.75  -9.75],['FUG' 'FUG'],OS70,VS
946,[-48.25 -38.45  -9.5 ],['FUG' 'FUG'],OS70,VS
947,[-51.75 -38.15  -9.25],['MTG' 'MTG'],OS70,MTG
948,[-55.2  -37.85  -8.95],['MTG' 'MTG'],OS70,MTG
949,[-58.65 -37.55  -8.65],['MTG' 'MTG'],OS70,MTG
950,[-46.65 -35.6   -1.4 ],['STS' 'STS'],OS70,STS
951,[-50.15 -35.65  -1.  ],['STS' 'STS'],OS70,STS
952,[-53.65 -35.75  -0.65],['STS' 'STS'],OS70,STS
953,[-57.1  -35.85  -0.3 ],['STS' 'STS'],OS70,STS
954,[-60.55 -35.95   0.1 ],['STG' 'STG'],OS70,STG
955,[-25.65 -42.9   31.7 ],['IPS' 'IPS'],OS70,parietal
956,[-29.15 -42.55  31.9 ],['IPS' 'IPS'],OS70,parietal
957,[-32.6  -42.25  32.15],['SMG' 'SMG'],OS70,parietal
958,[-36.05 -41.95  32.4 ],['SMG' 'SMG'],OS70,parietal
959,[-39.55 -41.65  32.6 ],['SMG' 'SMG'],OS70,parietal
960,[-43.05 -41.35  32.8 ],['SMG' 'SMG'],OS70,parietal
961,[-46.55 -41.05  33.05],['SMG' 'SMG'],OS70,parietal
962,[-50.   -40.75  33.3 ],['SMG' 'SMG'],OS70,parietal
963,[-53.45 -40.4   33.5 ],['SMG' 'SMG'],OS70,parietal
964,[-36.95 -28.6   18.7 ],['PostCG' 'PostCG'],OS70,S1
965,[-40.25 -28.35  19.85],['PostCG' 'PostCG'],OS70,S1
966,[-43.55 -28.1   21.  ],['PostCG' 'PostCG'],OS70,S1
967,[-46.85 -27.9   22.15],['PostCG' 'PostCG'],OS70,S1
968,[-50.1 -27.7  23.3],['PostCG' 'PostCG'],OS70,S1
969,[-53.35 -27.45  24.5 ],['PostCG' 'PostCG'],OS70,S1
970,[-56.65 -27.2   25.65],['PostCG' 'PostCG'],OS70,S1
971,[-46.5 -13.4  -6. ],['STS' 'STS'],OS70,STS
972,[-49.9  -13.05  -5.4 ],['STS' 'STS'],OS70,STS
973,[-53.3  -12.75  -4.8 ],['STS' 'STS'],OS70,STS
974,[-56.75 -12.4   -4.2 ],['MTG' 'MTG'],OS70,MTG
975,[-60.2  -12.05  -3.6 ],['MTG' 'MTG'],OS70,MTG
976,[-34.5  -13.25   8.25],['INS' 'INS'],OS70,INS
977,[-37.9  -14.     7.95],['INS' 'INS'],OS70,INS
978,[-41.3  -14.75   7.65],['INS' 'INS'],OS70,INS
979,[-44.7 -15.5   7.3],['A1' 'A1'],OS70,A1
980,[-48.1  -16.25   6.95],['A1' 'A1'],OS70,A1
981,[-51.5  -17.     6.65],['A1' 'A1'],OS70,A1
982,[-54.9  -17.75   6.3 ],['STG' 'STG'],OS70,STG
983,[-58.3  -18.5    5.95],['STG' 'STG'],OS70,STG
984,[-61.7  -19.3    5.65],['STG' 'STG'],OS70,STG
985,[-29.35 -12.05  16.75],['INS' 'INS'],OS70,INS
986,[-32.65 -11.35  17.5 ],['INS' 'INS'],OS70,INS
987,[-36.   -10.65  18.3 ],['PreCG' 'PreCG'],OS70,M1
988,[-49.35  -7.85  21.45],['PreCG' 'PreCG'],OS70,M1
989,[-52.7   -7.15  22.2 ],['PreCG' 'PreCG'],OS70,M1
990,[-56.05  -6.45  23.  ],['PreCG' 'PreCG'],OS70,M1
991,[-26.2   1.5  -6.6],['AMY' 'AMY'],OS70,AMY
992,[-29.4    1.05  -5.2 ],['AMY' 'AMY'],OS70,AMY
993,[-32.6    0.6   -3.85],['INS' 'INS'],OS70,INS
994,[-35.8   0.2  -2.5],['INS' 'INS'],OS70,INS
995,[-39.   -0.2  -1.1],['INS' 'INS'],OS70,INS
996,[-42.2   -0.6    0.25],['INS' 'INS'],OS70,INS
997,[-45.4   -1.05   1.6 ],['STG' 'STG'],OS70,STG
998,[-48.6  -1.5   3. ],['STG' 'STG'],OS70,STG
999,[-51.8   -1.9    4.35],['STG' 'STG'],OS70,STG
1000,[-55.   -2.3   5.7],['STG' 'STG'],OS70,STG
1001,[-24.45  21.35 -15.05],['TP' 'TP'],OS70,TP
1002,[-27.75  20.2  -14.5 ],['TP' 'TP'],OS70,TP
1003,[-31.    19.05 -13.95],['TP' 'TP'],OS70,TP
1004,[-34.25  17.95 -13.4 ],['TP' 'TP'],OS70,TP
1005,[-37.5   16.85 -12.85],['TP' 'TP'],OS70,TP
1006,[-40.75  15.7  -12.3 ],['TP' 'TP'],OS70,TP
1007,[-44.05  14.55 -11.75],['TP' 'TP'],OS70,TP
1008,[-47.3   13.45 -11.2 ],['TP' 'TP'],OS70,TP
1009,[-50.55  12.3  -10.65],['TP' 'TP'],OS70,TP
1010,[-53.85  11.15 -10.1 ],['TP' 'TP'],OS70,TP
1011,[-35.75   3.8   18.3 ],['IFG' 'IFG'],OS70,VLPFC
1012,[-39.25   3.8   18.65],['IFG' 'IFG'],OS70,VLPFC
1013,[-42.75   3.8   19.  ],['IFG' 'IFG'],OS70,VLPFC
1014,[-46.25   3.8   19.35],['IFG' 'IFG'],OS70,VLPFC
1015,[-49.7    3.8   19.65],['IFG' 'IFG'],OS70,VLPFC
1016,[-32.65 -11.15  37.55],['IFS' 'IFS'],OS70,DLPFC
1017,[-36.15 -10.8   37.65],['IFS' 'IFS'],OS70,DLPFC
1018,[-39.65 -10.45  37.7 ],['PreCG' 'PreCG'],OS70,M1
1019,[-43.15 -10.1   37.75],['PreCG' 'PreCG'],OS70,M1
1020,[-46.6   -9.7   37.85],['PreCG' 'PreCG'],OS70,M1
1021,[ 3.  28.9 27.4],['ACC' 'ACC'],OS70,ACC
1022,[-0.35 28.65 28.35],['ACC' 'ACC'],OS70,ACC
1023,[-3.7  28.35 29.3 ],['ACC' 'ACC'],OS70,ACC
1024,[-17.1   27.35  33.2 ],['MFG' 'MFG'],OS70,DLPFC
1025,[-20.45  27.05  34.2 ],['MFG' 'MFG'],OS70,DLPFC
1026,[-23.8   26.8   35.15],['MFG' 'MFG'],OS70,DLPFC
1027,[-27.15  26.55  36.1 ],['MFG' 'MFG'],OS70,DLPFC
1028,[-30.5  26.3  37.1],['MFG' 'MFG'],OS70,DLPFC
1029,[-33.85  26.05  38.05],['MFG' 'MFG'],OS70,DLPFC
1030,[-37.2   -6.85   0.4 ],['INS' 'INS'],OS70,INS
1031,[-36.4   -7.8    3.65],['INS' 'INS'],OS70,INS
1032,[-35.6   -8.8    6.95],['INS' 'INS'],OS70,INS
1033,[-34.8   -9.75  10.2 ],['INS' 'INS'],OS70,INS
1034,[-34.   -10.7   13.45],['INS' 'INS'],OS70,INS
1035,[-33.2  -11.65  16.75],['INS' 'INS'],OS70,INS
1036,[-31.95 -13.05  21.65],['PreCG' 'PreCG'],OS70,M1
1037,[-26.6  -19.3   42.85],['MFG' 'MFG'],OS70,DLPFC
1038,[-25.8  -20.25  46.15],['MFG' 'MFG'],OS70,DLPFC
1039,[-25.  -21.2  49.4],['PreCG' 'PreCG'],OS70,M1
1040,[-24.2  -22.2   52.65],['PreCG' 'PreCG'],OS70,M1
1041,[-30081.987945   -6184.4338385 -19267.86873  ],['AMY' 'AMY'],LL13,AMY
1042,[-49376.059595  -9469.588335 -26553.47387 ],['MTG' 'MTG'],LL13,MTG
1043,[-54305.511425  -10393.3030955 -28415.42316  ],['MTG' 'MTG'],LL13,MTG
1044,[-59263.12546 -11334.85832 -30159.8308 ],['MTG' 'MTG'],LL13,MTG
1045,[-34362.072935 -28829.95201  -17944.599425],['HPC' 'HPC'],LL13,HPC
1046,[-50366.660485 -29112.004615 -17493.967735],['MTG' 'MTG'],LL13,MTG
1047,[-55430.156955 -29127.335385 -17308.321845],['MTG' 'MTG'],LL13,MTG
1048,[-60575.114595 -29108.933365 -16976.828965],['MTG' 'MTG'],LL13,MTG
1049,[-65676.0679   -29342.478965 -16507.416895],['MTG' 'MTG'],LL13,MTG
1050,[-40686.23698  -45881.12472  -14325.536185],['PHG' 'PHG'],LL13,PHC
1051,[-45495.310745 -48317.2729   -13998.849205],['FUG' 'FUG'],LL13,VS
1052,[-50280.164075 -50460.943205 -13712.7125  ],['ITG' 'ITG'],LL13,VS
1053,[-54091.741275 -52906.7822   -13357.172715],['ITG' 'ITG'],LL13,VS
1054,[-58001.921165 -55349.83385  -12994.873845],['ITG' 'ITG'],LL13,VS
1055,[-24105.307455  53144.94586   10812.95913 ],['MFG' 'MFG'],LL13,DLPFC
1056,[-26427.085085  56380.805645  13991.567555],['MFG' 'MFG'],LL13,DLPFC
1057,[-10756.682642  30138.139265  19970.223205],['ACC' 'ACC'],LL13,ACC
1058,[-19855.18249  36780.01483  39637.18909],['SMA' 'SMA'],LL13,premotor
1059,[-22212.102055  38429.121505  44242.414365],['SMA' 'SMA'],LL13,premotor
1060,[-24684.619025  39818.254995  49181.01473 ],['SMA' 'SMA'],LL13,premotor
1061,[ 33136.901195   -5237.3239175 -24511.914765 ],['AMY' 'AMY'],LL13,AMY
1062,[ 53505.56211    -3201.9432995 -23773.943995 ],['MTG' 'MTG'],LL13,MTG
1063,[ 58735.794215  -2772.009805 -23389.917095],['MTG' 'MTG'],LL13,MTG
1064,[ 39918.364465 -17609.363535 -18139.29392 ],['HPC' 'HPC'],LL13,HPC
1065,[ 44843.045735 -16689.385375 -18677.345165],['PHG' 'PHG'],LL13,PHC
1066,[ 49958.693635 -16082.56936  -19242.337205],['MTG' 'MTG'],LL13,MTG
1067,[ 55051.67853  -15542.87453  -19896.663245],['MTG' 'MTG'],LL13,MTG
1068,[ 60229.554475 -15047.725015 -20853.836105],['MTG' 'MTG'],LL13,MTG
1069,[ 65313.3212   -14821.68599  -21713.921735],['MTG' 'MTG'],LL13,MTG
1070,[ 69154.784595 -14583.319065 -22195.648995],['MTG' 'MTG'],LL13,MTG
1071,[ 44860.62822   -50708.16816    -9921.5719475],['FUG' 'FUG'],LL13,VS
1072,[ 48963.97506  -54091.78363  -11392.621325],['ITG' 'ITG'],LL13,VS
1073,[ 52984.64838 -56851.86044 -12543.22477],['ITG' 'ITG'],LL13,VS
1074,[ 57165.970325 -59239.521005 -13317.72125 ],['ITG' 'ITG'],LL13,VS
1075,[26528.09943  45741.947645 24515.80768 ],['MFG' 'MFG'],LL13,DLPFC
1076,[27395.90762  47318.043165 29030.874185],['MFG' 'MFG'],LL13,DLPFC
1077,[28896.002645 48979.665645 33958.08656 ],['SFG' 'SFG'],LL13,premotor
1078,[38622.070495 29263.3373   22493.92039 ],['MFG' 'MFG'],LL13,DLPFC
1079,[43661.78114  29694.030915 23225.72113 ],['MFG' 'MFG'],LL13,DLPFC
1080,[48777.842185 29799.364795 23909.181135],['MFG' 'MFG'],LL13,DLPFC
1081,[ 24.03567727  -4.94770853 -23.41184283],['AMY' 'AMY'],BJH052,AMY
1082,[ 28.75872699  -4.35676562 -24.07286379],['AMY' 'AMY'],BJH052,AMY
1083,[ 51.35560165  -3.36195384 -26.58775864],['MTG' 'MTG'],BJH052,MTG
1084,[ 27.86330205 -14.07171049 -19.80069855],['HPC' 'HPC'],BJH052,HPC
1085,[ 46.37855695 -16.99631776 -17.12323171],['PHC' 'PHC'],BJH052,PHC
1086,[ 36.53485254  10.99388563 -42.2868657 ],['TP' 'TP'],BJH052,TP
1087,[ 39.23904038  10.13816821 -40.5640933 ],['TP' 'TP'],BJH052,TP
1088,[ 41.92581022   9.75602823 -38.25428944],['TP' 'TP'],BJH052,TP
1089,[ 44.63882405   9.40020274 -36.47743155],['TP' 'TP'],BJH052,TP
1090,[ 47.35183789   9.04437726 -34.70057366],['TP' 'TP'],BJH052,TP
1091,[ 50.02978173   8.16234533 -32.44485529],['TP' 'TP'],BJH052,TP
1092,[ 53.19926053   7.26048091 -30.6924129 ],['TP' 'TP'],BJH052,TP
1093,[ 56.37756534   6.85850843 -28.88588501],['TP' 'TP'],BJH052,TP
1094,[ 58.62528821   6.54882994 -27.13869711],['TP' 'TP'],BJH052,TP
1095,[ 27.12408411 -20.66212965 -27.01258711],['PHC' 'PHC'],BJH052,PHC
1096,[ 30.87265589 -21.00499113 -27.30817309],['PHC' 'PHC'],BJH052,PHC
1097,[ 34.1296927  -21.32802011 -27.10048311],['FUG' 'FUG'],BJH052,VS
1098,[ 36.92143853 -21.6049021  -26.92246312],['FUG' 'FUG'],BJH052,VS
1099,[ 40.17847534 -21.92793108 -26.71477313],['FUG' 'FUG'],BJH052,VS
1100,[ 43.46175614 -22.22464556 -27.04002911],['FUG' 'FUG'],BJH052,VS
1101,[ 46.74503695 -22.52136004 -27.36528509],['FUG' 'FUG'],BJH052,VS
1102,[-16.95303529  -7.82623249 -18.70205461],['AMY' 'AMY'],BJH052,AMY
1103,[-20.20124609  -7.00331157 -18.8556591 ],['AMY' 'AMY'],BJH052,AMY
1104,[-23.4494569   -6.18039065 -19.0092636 ],['AMY' 'AMY'],BJH052,AMY
1105,[-26.73273771  -5.88367617 -18.68400762],['AMY' 'AMY'],BJH052,AMY
1106,[-30.01601851  -5.58696169 -18.35875164],['AMY' 'AMY'],BJH052,AMY
1107,[-33.27305532  -5.26393271 -18.56644162],['AMY' 'AMY'],BJH052,AMY
1108,[-43.08782773  -3.84758282 -18.06953415],['INS' 'INS'],BJH052,INS
1109,[-52.90260015  -2.43123294 -17.57262668],['STS' 'STS'],BJH052,STS
1110,[-21.29905402 -13.4622418  -18.55221862],['HPC' 'HPC'],BJH052,HPC
1111,[-24.56491683 -13.63910476 -18.81399411],['HPC' 'HPC'],BJH052,HPC
1112,[-27.83077963 -13.81596772 -19.07576959],['HPC' 'HPC'],BJH052,HPC
1113,[-50.35728029 -12.28500529 -16.82339323],['STS' 'STS'],BJH052,STS
1114,[-53.6493871  -12.48818275 -16.55222274],['STS' 'STS'],BJH052,STS
1115,[-56.9326679  -12.19146827 -16.22696676],['STS' 'STS'],BJH052,STS
1116,[-60.21594871 -11.89475379 -15.90171078],['MTG' 'MTG'],BJH052,MTG
1117,[-63.49922951 -11.59803931 -15.5764548 ],['MTG' 'MTG'],BJH052,MTG
1118,[-66.78251032 -11.30132483 -15.25119882],['MTG' 'MTG'],BJH052,MTG
1119,[-33.65131628 -29.72592484 -12.60573997],['HPC' 'HPC'],BJH052,HPC
1120,[-36.93459708 -29.42921036 -12.28048399],['PHC' 'PHC'],BJH052,PHC
1121,[-50.1378603  -29.29476531 -10.02173913],['ITG' 'ITG'],BJH052,VS
1122,[-53.4211411  -28.99805083  -9.69648315],['STS' 'STS'],BJH052,STS
1123,[-56.71324791 -29.20122829  -9.42531267],['STS' 'STS'],BJH052,STS
1124,[-59.54006374 -29.45055275  -9.12447218],['STS' 'STS'],BJH052,STS
1125,[-62.82334455 -29.15383827  -8.7992162 ],['MTG' 'MTG'],BJH052,MTG
1126,[-66.13286935 -28.88343829  -7.94101426],['MTG' 'MTG'],BJH052,MTG
1127,[-33.36382928  -4.32957471 -35.68005259],['TP' 'TP'],BJH052,TP
1128,[-36.61204009  -3.50665379 -35.83365709],['TP' 'TP'],BJH052,TP
1129,[-39.8602509   -2.68373287 -35.98726158],['TP' 'TP'],BJH052,TP
1130,[-43.1084617   -1.86081194 -36.14086607],['TP' 'TP'],BJH052,TP
1131,[-46.34784651  -0.53799908 -36.24038506],['TP' 'TP'],BJH052,TP
1132,[-49.13076635   0.23877484 -36.36431956],['TP' 'TP'],BJH052,TP
1133,[-52.37897715   1.06169576 -36.51792405],['TP' 'TP'],BJH052,TP
1134,[-55.62718796   1.88461668 -36.67152854],['TP' 'TP'],BJH052,TP
1135,[-30.08703451   9.60743208 -29.10736949],['TP' 'TP'],BJH052,TP
1136,[ -5.02099802  16.87650253 -21.62696594],['OFC' 'OFC'],BJH052,OFC
1137,[ -8.28686083  16.69963957 -21.88874143],['OFC' 'OFC'],BJH052,OFC
1138,[-11.11367666  16.45031511 -21.58790095],['OFC' 'OFC'],BJH052,OFC
1139,[-14.40578346  16.24713765 -21.31673046],['OFC' 'OFC'],BJH052,OFC
1140,[-17.67164627  16.0702747  -21.57850595],['OFC' 'OFC'],BJH052,OFC
1141,[-20.93750907  15.89341174 -21.84028143],['OFC' 'OFC'],BJH052,OFC
1142,[-24.20337188  15.71654878 -22.10205692],['OFC' 'OFC'],BJH052,OFC
1143,[-27.47806068  15.03979388 -22.4179179 ],['OFC' 'OFC'],BJH052,OFC
1144,[-30.77016748  14.83661642 -22.14674741],['OFC' 'OFC'],BJH052,OFC
1145,[-33.59698332  14.58729196 -21.84590693],['OFC' 'OFC'],BJH052,OFC
1146,[-36.86284612  14.410429   -22.10768242],['OFC' 'OFC'],BJH052,OFC
1147,[-40.12870892  14.23356604 -22.3694579 ],['TP' 'TP'],BJH052,TP
1148,[-43.39457173  14.05670308 -22.63123338],['TP' 'TP'],BJH052,TP
1149,[-46.66043453  13.87984012 -22.89300887],['TP' 'TP'],BJH052,TP
1150,[-49.93512334  13.20308522 -23.20886985],['TP' 'TP'],BJH052,TP
1151,[-53.20098614  13.02622226 -23.47064533],['TP' 'TP'],BJH052,TP
1152,[-25.62891174 -16.60518985 -27.2757921 ],['EC' 'EC'],BJH052,EC
1153,[-28.91219255 -16.30847537 -26.95053612],['EC' 'EC'],BJH052,EC
1154,[-32.14298536 -15.95913188 -27.69117207],['EC' 'EC'],BJH052,EC
1155,[-35.40002216 -15.6361029  -27.89886206],['EC' 'EC'],BJH052,EC
1156,[-38.68330297 -15.33938842 -27.57360608],['PRH' 'PRH'],BJH052,PRH
1157,[-41.94033977 -15.01635944 -27.78129607],['PRH' 'PRH'],BJH052,PRH
1158,[-45.19737658 -14.69333046 -27.98898605],['FUG' 'FUG'],BJH052,VS
1159,[-48.45441339 -14.37030148 -28.19667604],['FUG' 'FUG'],BJH052,VS
1160,[-51.73769419 -14.073587   -27.87142006],['ITG' 'ITG'],BJH052,VS
1161,[-55.012149   -13.27698058 -27.49207858],['ITG' 'ITG'],BJH052,VS
1162,[-58.2603598  -12.45405966 -27.64568308],['ITG' 'ITG'],BJH052,VS
1163,[-61.51739661 -12.13103068 -27.85337306],['ITG' 'ITG'],BJH052,VS
1164,[-64.78325941 -12.30789364 -28.11514855],['MTG' 'MTG'],BJH052,MTG
1165,[-19.39499011 -40.65442862 -12.71359447],['PHC' 'PHC'],BJH052,PHC
1166,[-22.66085292 -40.83129158 -12.97536995],['PHC' 'PHC'],BJH052,PHC
1167,[-25.91788972 -40.5082626  -13.18305994],['PHC' 'PHC'],BJH052,PHC
1168,[-29.17492653 -40.18523361 -13.39074992],['PHC' 'PHC'],BJH052,PHC
1169,[-32.40571934 -39.83589013 -14.13138588],['PHC' 'PHC'],BJH052,PHC
1170,[-35.20629117 -40.05890009 -14.36349137],['FUG' 'FUG'],BJH052,VS
1171,[-38.47215397 -40.23576305 -14.62526685],['FUG' 'FUG'],BJH052,VS
1172,[-42.19448175 -39.86658707 -14.86262684],['ITS' 'ITS'],BJH052,VS
1173,[-45.45151856 -39.54355809 -15.07031682],['ITS' 'ITS'],BJH052,VS
1174,[-48.68231136 -39.19421461 -15.81095278],['ITS' 'ITS'],BJH052,VS
1175,[-51.94817417 -39.37107757 -16.07272826],['MTG' 'MTG'],BJH052,MTG
1176,[-55.21403697 -39.54794053 -16.33450375],['ITG' 'ITG'],BJH052,VS
1177,[-58.47107378 -39.22491155 -16.54219374],['ITG' 'ITG'],BJH052,VS
1178,[-61.72811059 -38.90188257 -16.74988372],['ITG' 'ITG'],BJH052,VS
1179,[ -6.8815799  -22.79932937  -1.80898063],['THAL' 'THAL'],BJH052,THAL
1180,[-10.1999307  -23.02882133  -1.00486417],['THAL' 'THAL'],BJH052,THAL
1181,[-13.49203751 -23.23199879  -0.73369369],['THAL' 'THAL'],BJH052,THAL
1182,[-24.32518386 -23.77555168   0.55342373],['THAL' 'THAL'],BJH052,THAL
1183,[-34.71928325 -24.39156606   2.40315712],['PUT' 'PUT'],BJH052,N
1184,[-37.57234308 -24.66720502   3.23694357],['INS' 'INS'],BJH052,INS
1185,[-40.89069388 -24.89669698   4.04106002],['INS' 'INS'],BJH052,INS
1186,[-44.20904468 -25.12618894   4.84517648],['A1' 'A1'],BJH052,A1
1187,[-47.50115149 -25.3293664    5.11634696],['A1' 'A1'],BJH052,A1
1188,[-55.50748201 -25.62359482   6.1026239 ],['A1' 'A1'],BJH052,A1
1189,[-63.04852156 -25.96397025   7.11857084],['A1' 'A1'],BJH052,A1
1190,[-65.87533739 -26.21329471   7.41941132],['STG' 'STG'],BJH052,STG
1191,[-69.1936882  -26.44278667   8.22352777],['STG' 'STG'],BJH052,STG
1192,[-11.58665662 -31.25057239   4.4657795 ],['THAL' 'THAL'],BJH052,THAL
1193,[-14.88758942 -31.95364179   4.68286449],['THAL' 'THAL'],BJH052,THAL
1194,[-25.70331778 -32.97077211   5.38295045],['THAL' 'THAL'],BJH052,THAL
1195,[-36.51904613 -33.98790243   6.0830364 ],['A1' 'A1'],BJH052,A1
1196,[-39.78490894 -34.16476539   5.82126092],['A1' 'A1'],BJH052,A1
1197,[-43.07701574 -34.36794285   6.0924314 ],['A1' 'A1'],BJH052,A1
1198,[-46.36912255 -34.57112031   6.36360189],['A1' 'A1'],BJH052,A1
1199,[-53.8927441  -35.38507318   6.79251736],['A1' 'A1'],BJH052,A1
1200,[-61.41636565 -36.19902604   7.22143284],['STG' 'STG'],BJH052,STG
1201,[-8.17013685 -7.82201718  2.92225009],['THAL' 'THAL'],BJH052,THAL
1202,[-11.01437068  -7.59776419   3.81012203],['THAL' 'THAL'],BJH052,THAL
1203,[-21.89117904  -7.69405414   6.21721689],['THAL' 'THAL'],BJH052,THAL
1204,[-32.76798739  -7.79034408   8.62431174],['PUT' 'PUT'],BJH052,N
1205,[-35.61222122  -7.5660911    9.51218369],['INS' 'INS'],BJH052,INS
1206,[-38.92174603  -7.29569112  10.37038564],['INS' 'INS'],BJH052,INS
1207,[-42.23127083  -7.02529114  11.22858759],['INS' 'INS'],BJH052,INS
1208,[-49.79855438  -7.39198106  12.77748049],['PreCG' 'PreCG'],BJH052,M1
1209,[-57.39208194  -7.78498549  14.85931937],['PostCG' 'PostCG'],BJH052,S1
1210,[-60.23631577  -7.5607325   15.74719132],['PostCG' 'PostCG'],BJH052,S1
1211,[-63.51959657  -7.26401802  16.0724473 ],['PostCG' 'PostCG'],BJH052,S1
1212,[-32.63077638   7.63448174 -16.06465678],['PIR' 'PIR'],BJH052,N
1213,[-34.59668226   9.18717305 -13.35635044],['INS' 'INS'],BJH052,INS
1214,[-36.57141415  10.23997242 -10.7021296 ],['INS' 'INS'],BJH052,INS
1215,[-38.54614604  11.29277179  -8.04790876],['INS' 'INS'],BJH052,INS
1216,[-40.53829593  12.8191486   -4.80665645],['INS' 'INS'],BJH052,INS
1217,[-42.06515485  14.29937841  -1.53573415],['INS' 'INS'],BJH052,INS
1218,[-43.57459576  15.30603078   1.14815669],['IFG' 'IFG'],BJH052,VLPFC
1219,[-45.54932765  16.35883015   3.80237753],['IFG' 'IFG'],BJH052,VLPFC
1220,[-47.52405954  17.41162952   6.45659837],['IFG' 'IFG'],BJH052,VLPFC
1221,[-49.48996543  18.96432083   9.1649047 ],['IFG' 'IFG'],BJH052,VLPFC
1222,[-51.48211532  20.49069764  12.40615701],['IFG' 'IFG'],BJH052,VLPFC
1223,[-53.44802121  22.04338895  15.11446335],['IFG' 'IFG'],BJH052,VLPFC
1224,[-55.41392709  23.59608026  17.82276968],['IFG' 'IFG'],BJH052,VLPFC
1225,[ -2.97504316  34.57636795 -26.57326115],['OFC' 'OFC'],BJH052,OFC
1226,[ -6.31081196  34.82045343 -25.18211324],['OFC' 'OFC'],BJH052,OFC
1227,[ -9.68165076  34.53833247 -23.31210485],['OFC' 'OFC'],BJH052,OFC
1228,[-18.27566626  34.65857048 -19.63668257],['OFC' 'OFC'],BJH052,OFC
1229,[-21.61143506  34.90265596 -18.24553465],['OFC' 'OFC'],BJH052,OFC
1230,[-24.95602986  34.6468495  -16.90847223],['OFC' 'OFC'],BJH052,OFC
1231,[-27.37004272  34.29874905 -15.51206982],['OFC' 'OFC'],BJH052,OFC
1232,[-30.24052055  34.49668753 -14.0912519 ],['OFC' 'OFC'],BJH052,OFC
1233,[-33.61135935  34.21456657 -12.22124351],['OFC' 'OFC'],BJH052,OFC
1234,[-36.95595416  33.95876011 -10.88418109],['OFC' 'OFC'],BJH052,OFC
1235,[-40.29172296  34.20284559  -9.49303318],['OFC' 'OFC'],BJH052,OFC
1236,[-43.16220079  34.40078407  -8.07221526],['OFC' 'OFC'],BJH052,OFC
1237,[-46.03267862  34.59872256  -6.65139735],['IFG' 'IFG'],BJH052,VLPFC
1238,[-1.97349931 30.49701458 28.44936254],['ACC' 'ACC'],BJH052,ACC
1239,[-5.21311811 30.34646612 27.65464109],['ACC' 'ACC'],BJH052,ACC
1240,[-8.45273692 30.19591766 26.85991964],['ACC' 'ACC'],BJH052,ACC
1241,[-39.24828097 -58.26539014  22.10511695],['IP' 'IP'],BJH052,parietal
1242,[-46.71918053 -57.55335268  22.16334294],['IP' 'IP'],BJH052,parietal
1243,[-54.62912705 -56.76885373  21.65895297],['STG' 'STG'],BJH052,STG
1244,[-57.88616386 -56.44582475  21.45126299],['STG' 'STG'],BJH052,STG
1245,[37.92318606 10.16813517 -5.0463713 ],['INS' 'INS'],OS61,INS
1246,[37.84123387 10.79622203 -1.60416406],['INS' 'INS'],OS61,INS
1247,[37.75928167 11.42430889  1.83804319],['INS' 'INS'],OS61,INS
1248,[37.67732949 12.05239576  5.28025044],['INS' 'INS'],OS61,INS
1249,[37.5953773  12.68048262  8.72245769],['INS' 'INS'],OS61,INS
1250,[37.51342511 13.30856948 12.16466493],['INS' 'INS'],OS61,INS
1251,[37.43147293 13.93665635 15.60687217],['INS' 'INS'],OS61,INS
1252,[37.34952074 14.56474321 19.04907942],['IFG' 'IFG'],OS61,VLPFC
1253,[37.26756855 15.19283008 22.49128668],['IFG' 'IFG'],OS61,VLPFC
1254,[37.18561637 15.82091695 25.93349392],['IFS' 'IFS'],OS61,DLPFC
1255,[37.10366417 16.44900381 29.37570116],['MFG' 'MFG'],OS61,DLPFC
1256,[37.02171199 17.07709067 32.81790841],['MFS' 'MFS'],OS61,N
1257,[36.77585542 18.96135127 43.14453015],['MFG' 'MFG'],OS61,DLPFC
1258,[ 43.25264245 -48.8106868   -8.86020283],['ITS' 'ITS'],OS61,VS
1259,[ 46.75181963 -48.73672885  -8.84319464],['ITS' 'ITS'],OS61,VS
1260,[ 50.25099681 -48.66277091  -8.82618646],['ITG' 'ITG'],OS61,VS
1261,[ 53.75017399 -48.58881297  -8.80917827],['ITG' 'ITG'],OS61,VS
1262,[ 57.24935118 -48.51485502  -8.79217009],['ITG' 'ITG'],OS61,VS
1263,[ 49.93904354 -36.76325905  -5.6951681 ],['MTS' 'MTS'],OS61,N
1264,[ 53.4365666  -36.65822778  -5.77454665],['MTS' 'MTS'],OS61,N
1265,[ 56.93408965 -36.55319651  -5.8539252 ],['MTG' 'MTG'],OS61,MTG
1266,[ 60.43161269 -36.44816523  -5.93330375],['MTG' 'MTG'],OS61,MTG
1267,[ 35.12510594 -29.29001201  -6.39152763],['HPC' 'HPC'],OS61,HPC
1268,[ 45.49506554 -28.99247299  -8.01183878],['STS' 'STS'],OS61,STS
1269,[ 37.45954288 -22.32831146  -8.33976062],['HPC' 'HPC'],OS61,HPC
1270,[ 40.95490126 -22.14880572  -8.32402953],['HPC' 'HPC'],OS61,HPC
1271,[ 44.45025965 -21.96929997  -8.30829844],['STS' 'STS'],OS61,STS
1272,[ 47.94561803 -21.78979423  -8.29256735],['STS' 'STS'],OS61,STS
1273,[ 51.44097641 -21.61028849  -8.27683625],['STS' 'STS'],OS61,STS
1274,[ 54.93633479 -21.43078274  -8.26110516],['STS' 'STS'],OS61,STS
1275,[ 58.43169318 -21.251277    -8.24537407],['MTG' 'MTG'],OS61,MTG
1276,[ 61.92705156 -21.07177126  -8.22964298],['MTG' 'MTG'],OS61,MTG
1277,[ 40.20113125 -17.72247505 -16.39690441],['PRH' 'PRH'],OS61,PRH
1278,[ 43.69104605 -17.54308521 -16.20116471],['ITS' 'ITS'],OS61,VS
1279,[ 47.18096084 -17.36369537 -16.00542501],['ITS' 'ITS'],OS61,VS
1280,[ 50.67087563 -17.18430553 -15.80968533],['ITS' 'ITS'],OS61,VS
1281,[ 54.16079042 -17.00491569 -15.61394564],['MTG' 'MTG'],OS61,MTG
1282,[ 57.65070522 -16.82552585 -15.41820594],['MTG' 'MTG'],OS61,MTG
1283,[ 47.81449993  -3.30164676 -17.24958794],['STS' 'STS'],OS61,STS
1284,[ 51.24394191  -2.63897638 -17.4727373 ],['STS' 'STS'],OS61,STS
1285,[ 54.67338389  -1.976306   -17.69588666],['MTG' 'MTG'],OS61,MTG
1286,[ 58.10282588  -1.31363562 -17.91903602],['MTG' 'MTG'],OS61,MTG
1287,[ 18.59671383   1.64349029 -16.0293069 ],['EC' 'EC'],OS61,EC
1288,[ 22.04380577   2.24875881 -15.99456252],['AMY' 'AMY'],OS61,AMY
1289,[ 25.49089771   2.85402734 -15.95981814],['AMY' 'AMY'],OS61,AMY
1290,[ 28.93798965   3.45929587 -15.92507375],['AMY' 'AMY'],OS61,AMY
1291,[ 39.27926547   5.27510145 -15.8208406 ],['INS' 'INS'],OS61,INS
1292,[35.61676112  4.04981249 11.83973128],['INS' 'INS'],OS61,INS
1293,[39.11517416  4.15478364 11.84906957],['INS' 'INS'],OS61,INS
1294,[42.61358722  4.25975479 11.85840785],['IFG' 'IFG'],OS61,VLPFC
1295,[46.11200026  4.36472595 11.86774613],['MC' 'MC'],OS61,N
1296,[49.61041331  4.4696971  11.87708441],['MC' 'MC'],OS61,N
1297,[53.10882635  4.57466825 11.88642269],['MC' 'MC'],OS61,N
1298,[ 5.77233378 29.65537035 -7.28368266],['OFC' 'OFC'],OS61,OFC
1299,[ 9.26726836 29.76391892 -7.12989875],['OFC' 'OFC'],OS61,OFC
1300,[12.76220294 29.87246749 -6.97611483],['OFC' 'OFC'],OS61,OFC
1301,[16.25713752 29.98101605 -6.82233092],['OFC' 'OFC'],OS61,OFC
1302,[19.7520721  30.08956462 -6.668547  ],['OFC' 'OFC'],OS61,OFC
1303,[23.24700668 30.19811318 -6.51476309],['OFC' 'OFC'],OS61,OFC
1304,[26.74194126 30.30666174 -6.36097918],['OFC' 'OFC'],OS61,OFC
1305,[30.23687583 30.41521032 -6.20719526],['OFC' 'OFC'],OS61,OFC
1306,[33.73181041 30.52375888 -6.05341135],['OFC' 'OFC'],OS61,OFC
1307,[37.22674499 30.63230744 -5.89962744],['OFC' 'OFC'],OS61,OFC
1308,[40.72167957 30.74085601 -5.74584352],['OFC' 'OFC'],OS61,OFC
1309,[29.22162568 23.22490297 13.35135951],['INS' 'INS'],OS61,INS
1310,[32.7202955  23.23165811 13.25511057],['INS' 'INS'],OS61,INS
1311,[36.21896532 23.23841324 13.15886163],['IFG' 'IFG'],OS61,VLPFC
1312,[39.71763514 23.24516837 13.0626127 ],['IFG' 'IFG'],OS61,VLPFC
1313,[43.21630496 23.25192351 12.96636376],['IFG' 'IFG'],OS61,VLPFC
1314,[46.71497478 23.25867864 12.87011482],['IFG' 'IFG'],OS61,VLPFC
1315,[50.2136446  23.26543378 12.77386588],['IFG' 'IFG'],OS61,VLPFC
1316,[-14.31089933  -7.16941102 -20.92787946],['EC' 'EC'],BJH041,EC
1317,[-18.14100283  -6.86417502 -20.62526646],['AMY' 'AMY'],BJH041,AMY
1318,[-21.93556983  -6.56788252 -20.90035246],['AMY' 'AMY'],BJH041,AMY
1319,[-25.73013683  -6.27159002 -21.17543846],['AMY' 'AMY'],BJH041,AMY
1320,[-29.56024033  -5.96635402 -20.87282546],['AMY' 'AMY'],BJH041,AMY
1321,[-41.00005283  -6.09693302 -21.18267246],['INS' 'INS'],BJH041,INS
1322,[-44.79461983  -5.80064052 -21.45775846],['STS' 'STS'],BJH041,STS
1323,[-30.51601483 -30.53168852 -14.85765046],['HPC' 'HPC'],BJH041,HPC
1324,[-35.42560633 -31.69334102 -15.30476446],['HPC' 'HPC'],BJH041,HPC
1325,[-40.87727883 -32.81266602 -15.79117646],['PHG' 'PHG'],BJH041,PHC
1326,[-45.76162133 -34.49746202 -16.84713346],['FUG' 'FUG'],BJH041,VS
1327,[-13.34556433 -41.04994352  -5.45592346],['PCC' 'PCC'],BJH041,PCC
1328,[-16.53726483 -41.32806552  -6.87825346],['PCC' 'PCC'],BJH041,PCC
1329,[-19.77478933 -42.11144402  -7.75402846],['PCC' 'PCC'],BJH041,PCC
1330,[-23.55439483 -42.85249502  -8.66910146],['HPC' 'HPC'],BJH041,HPC
1331,[-27.29846383 -43.60248952 -10.16187346],['PHG' 'PHG'],BJH041,PHC
1332,[-30.53598833 -44.38586802 -11.03764846],['PHG' 'PHG'],BJH041,PHC
1333,[-34.31559383 -45.12691902 -11.95272146],['PHG' 'PHG'],BJH041,PHC
1334,[ -4.81588083  13.22899548 -16.67211346],['OFC' 'OFC'],BJH041,OFC
1335,[ -8.11886483  14.52924748 -15.69021546],['OFC' 'OFC'],BJH041,OFC
1336,[-11.38631233  15.82055598 -15.28601646],['OFC' 'OFC'],BJH041,OFC
1337,[-14.65375983  17.11186448 -14.88181746],['OFC' 'OFC'],BJH041,OFC
1338,[-36.49784183  25.04691248 -11.45841746],['IFG' 'IFG'],BJH041,VLPFC
1339,[-39.80082583  26.34716448 -10.47651946],['IFG' 'IFG'],BJH041,VLPFC
1340,[-43.64589083  27.68974398  -9.53391946],['IFG' 'IFG'],BJH041,VLPFC
1341,[-47.45541933  29.02337998  -9.16901846],['IFG' 'IFG'],BJH041,VLPFC
1342,[-50.72286683  30.31468848  -8.76481946],['IFG' 'IFG'],BJH041,VLPFC
1343,[-34.26097633   4.37698698  -2.64750646],['CLAUS' 'CLAUS'],BJH041,N
1344,[-37.12381483   4.11019848  -0.56434446],['INS' 'INS'],BJH041,INS
1345,[-39.98665333   3.84340998   1.51881754],['INS' 'INS'],BJH041,INS
1346,[-43.42710933   3.62789248   4.14038054],['preCG' 'preCG'],BJH041,M1
1347,[-46.31519683   3.88424748   6.83238554],['preCG' 'preCG'],BJH041,M1
1348,[-28.26633833  -3.80063952  47.20436954],['preCG' 'preCG'],BJH041,M1
1349,[-32.05061783  -2.99014702  46.96042754],['preCG' 'preCG'],BJH041,M1
1350,[-51.56148483  -9.83009952  33.45411754],['postCG' 'postCG'],BJH041,S1
1351,[-55.89813283  -9.49147952  33.13973354],['postCG' 'postCG'],BJH041,S1
1352,[-25.17377833 -13.83334802  46.27072254],['preCG' 'preCG'],BJH041,M1
1353,[-29.51042633 -13.49472802  45.95633854],['preCG' 'preCG'],BJH041,M1
1354,[-33.26945683 -13.20737902  45.10355354],['preCG' 'preCG'],BJH041,M1
1355,[-36.55747933 -12.94447052  45.44546454],['preCG' 'preCG'],BJH041,M1
1356,[-55.54527583 -10.42566452  44.71002154],['preCG' 'preCG'],BJH041,M1
1357,[-51.57741333 -18.84599852  56.69707854],['postCG' 'postCG'],BJH041,S1
1358,[-55.12510383 -25.84688452  49.63128754],['postCG' 'postCG'],BJH041,S1
1359,[-58.95520733 -25.54164852  49.93390054],['postCG' 'postCG'],BJH041,S1
1360,[ -7.02572033 -11.53751652   9.53138254],['THAL' 'THAL'],BJH041,THAL
1361,[-10.85582383 -11.23228052   9.83399554],['THAL' 'THAL'],BJH041,THAL
1362,[-26.11545233 -10.54342352   9.85790554],['PUT' 'PUT'],BJH041,N
1363,[-29.92030683 -10.76133102   9.55167554],['PUT' 'PUT'],BJH041,N
1364,[-33.75041033 -10.45609502   9.85428854],['PUT' 'PUT'],BJH041,N
1365,[-37.58051383 -10.15085902  10.15690154],['INS' 'INS'],BJH041,INS
1366,[-41.37508083  -9.85456652   9.88181554],['INS' 'INS'],BJH041,INS
1367,[-45.16964783  -9.55827402   9.60672954],['postCG' 'postCG'],BJH041,S1
1368,[-48.99975133  -9.25303802   9.90934254],['postCG' 'postCG'],BJH041,S1
1369,[-52.84014233  -9.46200202  10.18081154],['postCG' 'postCG'],BJH041,S1
1370,[-56.64499683  -9.67990952   9.87458154],['postCG' 'postCG'],BJH041,S1
1371,[-60.43956383  -9.38361702   9.59949554],['postCG' 'postCG'],BJH041,S1
1372,[-20.41550693  -3.79831496 -18.19882927],['AMY' 'AMY'],BJH046,AMY
1373,[-24.49139043  -4.45094042 -18.13045127],['AMY' 'AMY'],BJH046,AMY
1374,[-28.56142543  -5.18312039 -18.67429274],['AMY' 'AMY'],BJH046,AMY
1375,[-32.63146043  -5.91530035 -19.2181342 ],['AMY' 'AMY'],BJH046,AMY
1376,[-36.70368593  -6.02487135 -19.2234507 ],['AMY' 'AMY'],BJH046,AMY
1377,[-48.91598143  -7.59880228 -20.31645013],['STG' 'STG'],BJH046,STG
1378,[-52.99186493  -8.25142775 -20.24807214],['STS' 'STS'],BJH046,STS
1379,[-57.06189993  -8.98360772 -20.7919136 ],['STS' 'STS'],BJH046,STS
1380,[-61.12827693  -9.17273321 -21.40944956],['MTG' 'MTG'],BJH046,MTG
1381,[-30.88332893 -13.02143095 -23.22927744],['HPC' 'HPC'],BJH046,HPC
1382,[-36.13367943 -15.33452581 -22.94133495],['HPC' 'HPC'],BJH046,HPC
1383,[-41.38402993 -17.64762067 -22.65339245],['HPC' 'HPC'],BJH046,HPC
1384,[-57.70951193 -23.51644935 -21.93771347],['MTG' 'MTG'],BJH046,MTG
1385,[-62.96352043 -26.37259869 -21.57607649],['MTG' 'MTG'],BJH046,MTG
1386,[ -7.28544142 -17.82062205  -1.27725872],['THAL' 'THAL'],BJH046,THAL
1387,[-11.36864092 -19.55935644  -1.06149172],['THAL' 'THAL'],BJH046,THAL
1388,[-46.36779441 -31.66401677   2.27718112],['A1' 'A1'],BJH046,A1
1389,[-49.86558941 -32.84404371   2.42001312],['A1' 'A1'],BJH046,A1
1390,[-53.93928241 -34.11927814   1.94986615],['A1' 'A1'],BJH046,A1
1391,[-58.02467241 -35.23540357   2.70415811],['STG' 'STG'],BJH046,STG
1392,[-61.53197391 -36.87893047   3.53290407],['STG' 'STG'],BJH046,STG
1393,[-65.61517341 -38.61766488   3.74867106],['STG' 'STG'],BJH046,STG
1394,[ -6.20044445  37.00205111 -21.79733572],['OFC' 'OFC'],BJH046,OFC
1395,[-10.27486044  37.51508908 -21.26412726],['OFC' 'OFC'],BJH046,OFC
1396,[-14.35293444  37.48507258 -20.65722429],['OFC' 'OFC'],BJH046,OFC
1397,[-18.42735044  37.99811055 -20.12401583],['OFC' 'OFC'],BJH046,OFC
1398,[-22.50176644  38.51114851 -19.59080736],['OFC' 'OFC'],BJH046,OFC
1399,[-38.23084844  39.57239893 -16.69760554],['OFC' 'OFC'],BJH046,OFC
1400,[-42.30892244  39.54238242 -16.09070258],['IFG' 'IFG'],BJH046,VLPFC
1401,[-46.38699644  39.51236592 -15.48379962],['IFG' 'IFG'],BJH046,VLPFC
1402,[-21.44365394  16.26339434 -20.92704469],['OFC' 'OFC'],BJH046,OFC
1403,[-24.95752694  16.48769432 -18.48272384],['OFC' 'OFC'],BJH046,OFC
1404,[-27.88599544  17.27070178 -16.11133798],['OFC' 'OFC'],BJH046,OFC
1405,[-30.82031244  18.13326373 -13.12773267],['OFC' 'OFC'],BJH046,OFC
1406,[-34.34003393  18.43711822 -10.07119235],['INS' 'INS'],BJH046,INS
1407,[-37.85390693  18.66141821  -7.6268715 ],['INS' 'INS'],BJH046,INS
1408,[-40.78237543  19.44442567  -5.25548564],['INS' 'INS'],BJH046,INS
1409,[-43.71084393  20.22743313  -2.88409979],['INS' 'INS'],BJH046,INS
1410,[-47.22105893  20.99478758  -0.51347343],['IFG' 'IFG'],BJH046,VLPFC
1411,[-50.73127393  21.76214204   1.85715292],['IFG' 'IFG'],BJH046,VLPFC
1412,[-54.24514693  21.98644202   4.30147378],['IFG' 'IFG'],BJH046,VLPFC
1413,[-1.49205041 -6.07318521  7.12565224],['THAL' 'THAL'],BJH046,THAL
1414,[-5.56061791 -5.63970174  7.04664124],['THAL' 'THAL'],BJH046,THAL
1415,[-9.62552742 -4.66316381  6.89393574],['THAL' 'THAL'],BJH046,THAL
1416,[-25.89248142  -1.843121     6.43050276],['PAL' 'PAL'],BJH046,N
1417,[-29.95739092  -0.86658307   6.27779726],['PAL' 'PAL'],BJH046,N
1418,[-33.44421192  -0.4174466    6.19954576],['PAL' 'PAL'],BJH046,N
1419,[-37.50693092  -0.06351763   5.5083153 ],['INS' 'INS'],BJH046,INS
1420,[-41.56599192   0.83346581   4.74339034],['INS' 'INS'],BJH046,INS
1421,[-45.63090142   1.81000374   4.59068485],['INS' 'INS'],BJH046,INS
1422,[-49.69946892   2.24348721   4.51167385],['FOP' 'FOP'],BJH046,VLPFC
1423,[-53.76803642   2.67697068   4.43266285],['FOP' 'FOP'],BJH046,VLPFC
1424,[ 8.79415006 49.26625347 -2.8271529 ],['OFC' 'OFC'],BJH046,OFC
1425,[ 4.72192456 49.15668247 -2.8324694 ],['OFC' 'OFC'],BJH046,OFC
1426,[ 0.64019256 48.5836115  -2.15187194],['OFC' 'OFC'],BJH046,OFC
1427,[-3.44153944 48.01054053 -1.47127448],['OFC' 'OFC'],BJH046,OFC
1428,[-7.51961343 47.98052403 -0.86437152],['ACC' 'ACC'],BJH046,ACC
1429,[-11.59768743  47.95050753  -0.25746855],['ACC' 'ACC'],BJH046,ACC
1430,[-6.22556041 27.48820236 32.45291308],['ACC' 'ACC'],BJH046,ACC
1431,[-10.28827941  27.84213134  31.76168262],['ACC' 'ACC'],BJH046,ACC
1432,[-30.60772291  29.69133068  28.91774978],['MFG' 'MFG'],BJH046,DLPFC
1433,[-34.67044191  30.04525965  28.22651932],['MFG' 'MFG'],BJH046,DLPFC
1434,[-38.73316091  30.39918862  27.53528886],['MFG' 'MFG'],BJH046,DLPFC
1435,[-42.79587991  30.75311759  26.8440584 ],['MFG' 'MFG'],BJH046,DLPFC
1436,[-46.27685241  31.12269956  26.15358744],['MFG' 'MFG'],BJH046,DLPFC
1437,[-5.1820154  17.29485499 38.82607775],['ACC' 'ACC'],BJH046,ACC
1438,[-9.2578989  16.64222953 38.89445575],['ACC' 'ACC'],BJH046,ACC
1439,[-29.6548619   13.61776569  41.07300413],['SFG' 'SFG'],BJH046,premotor
1440,[-33.7402519   12.50164025  41.82729609],['MFG' 'MFG'],BJH046,DLPFC
1441,[-37.8161354   11.84901478  41.89567408],['MFG' 'MFG'],BJH046,DLPFC
1442,[-41.8942094   11.81899827  42.50257705],['MFG' 'MFG'],BJH046,DLPFC
1443,[-45.9759414   11.24592731  43.18317451],['MFG' 'MFG'],BJH046,DLPFC
1444,[-12.28883439  -7.26470455  38.38620488],['MCC' 'MCC'],BJH046,ACC
1445,[-40.82367689 -12.37613729  38.93854536],['preCG' 'preCG'],BJH046,M1
1446,[-44.31196539 -13.09266426  38.39546339],['preCG' 'preCG'],BJH046,M1
1447,[-48.38200039 -13.82484422  37.85162193],['preCG' 'preCG'],BJH046,M1
1448,[-52.46373239 -14.39791519  38.53221939],['preCG' 'preCG'],BJH046,M1
1449,[-56.53961589 -15.05054066  38.60059739],['preCG' 'preCG'],BJH046,M1
1450,[-60.60965089 -15.78272062  38.05675592],['postCG' 'postCG'],BJH046,S1
1451,[ -6.63304439 -29.21429872  42.63971322],['PCC' 'PCC'],BJH046,PCC
1452,[-10.69942139 -29.40342422  42.02217726],['PCC' 'PCC'],BJH046,PCC
1453,[-14.76579839 -29.59254971  41.40464129],['PCC' 'PCC'],BJH046,PCC
1454,[-35.12107739 -30.2199592   40.76583933],['postCG' 'postCG'],BJH046,S1
1455,[-39.18745439 -30.4090847   40.14830337],['postCG' 'postCG'],BJH046,S1
1456,[-43.25967989 -30.5186557   40.14298687],['postCG' 'postCG'],BJH046,S1
1457,[-47.33190539 -30.6282267   40.13767037],['postCG' 'postCG'],BJH046,S1
1458,[-51.40413089 -30.7377977   40.13235387],['postCG' 'postCG'],BJH046,S1
1459,[-55.47635639 -30.8473687   40.12703737],['postCG' 'postCG'],BJH046,S1
1460,[-59.54858189 -30.9569397   40.12172087],['SMG' 'SMG'],BJH046,parietal
1461,[-5.88983343 60.26865286 16.79020938],['SFG' 'SFG'],BJH046,premotor
1462,[-9.96205893 60.15908186 16.78489288],['SFG' 'SFG'],BJH046,premotor
1463,[-14.03794243  59.50645639  16.85327088],['SFG' 'SFG'],BJH046,premotor
1464,[-18.11382593  58.85383092  16.92164888],['SFG' 'SFG'],BJH046,premotor
1465,[-22.18605143  58.74425992  16.91633238],['MFG' 'MFG'],BJH046,DLPFC
1466,[-26.25827693  58.63468892  16.91101588],['MFG' 'MFG'],BJH046,DLPFC
1467,[-30.32465393  58.44556343  16.29347991],['MFG' 'MFG'],BJH046,DLPFC
1468,[-34.39468893  57.71338346  15.74963845],['MFG' 'MFG'],BJH046,DLPFC
1469,[-6.81674891 41.23567407 40.55269155],['SFG' 'SFG'],BJH046,premotor
1470,[-10.88312591  41.04654858  39.93515558],['SFG' 'SFG'],BJH046,premotor
1471,[-14.94950291  40.85742308  39.31761962],['SFG' 'SFG'],BJH046,premotor
1472,[-19.01587991  40.66829758  38.70008366],['SFG' 'SFG'],BJH046,premotor
1473,[-23.07640841  40.39961759  37.47032823],['SFG' 'SFG'],BJH046,premotor
1474,[-26.56103891  40.22614509  36.85355177],['SFG' 'SFG'],BJH046,premotor
1475,[-30.62741591  40.03701959  36.23601581],['SFG' 'SFG'],BJH046,premotor
1476,[-34.69379291  39.84789409  35.61847984],['MFG' 'MFG'],BJH046,DLPFC
1477,[-38.75651191  40.20182306  34.92724938],['MFG' 'MFG'],BJH046,DLPFC
1478,[ 4.7610991  29.2833178  39.74028265],['SFG' 'SFG'],BJH046,premotor
1479,[ 0.6830251  29.25330129 40.34718561],['SFG' 'SFG'],BJH046,premotor
1480,[-3.4008974  29.30283929 41.56630803],['SFG' 'SFG'],BJH046,premotor
1481,[-7.4789714  29.27282279 42.173211  ],['SFG' 'SFG'],BJH046,premotor
1482,[-11.5511969   29.16325179  42.1678945 ],['SFG' 'SFG'],BJH046,premotor
1483,[-15.6234224   29.05368079  42.162578  ],['SFG' 'SFG'],BJH046,premotor
1484,[-19.7014964   29.02366428  42.76948096],['SFG' 'SFG'],BJH046,premotor
1485,[-23.7795704   28.99364778  43.37638393],['SFG' 'SFG'],BJH046,premotor
1486,[-27.8576444   28.96363128  43.98328689],['MFG' 'MFG'],BJH046,DLPFC
1487,[-6.57876839  9.17304004 57.36689918],['SFG' 'SFG'],BJH046,premotor
1488,[-10.65099389   9.06346904  57.36158268],['SFG' 'SFG'],BJH046,premotor
1489,[-14.72321939   8.95389804  57.35626618],['SFG' 'SFG'],BJH046,premotor
1490,[-18.79910289   8.30127257  57.42464418],['SFG' 'SFG'],BJH046,premotor
1491,[-22.87498639   7.64864711  57.49302218],['SFG' 'SFG'],BJH046,premotor
1492,[-26.94721189   7.53907611  57.48770568],['SFG' 'SFG'],BJH046,premotor
1493,[-31.01943739   7.42950511  57.48238918],['MFG' 'MFG'],BJH046,DLPFC
1494,[-35.09166289   7.31993411  57.47707268],['MFG' 'MFG'],BJH046,DLPFC
1495,[-39.16388839   7.21036311  57.47175618],['MFG' 'MFG'],BJH046,DLPFC
1496,[-7.27025488 -7.13424698 59.57697462],['SMA' 'SMA'],BJH046,premotor
1497,[-11.34248038  -7.24381798  59.57165812],['SMA' 'SMA'],BJH046,premotor
1498,[-15.41836388  -7.89644345  59.64003612],['SMA' 'SMA'],BJH046,premotor
1499,[-19.49424738  -8.54906891  59.70841411],['SFG' 'SFG'],BJH046,premotor
1500,[-23.57013088  -9.20169438  59.77679211],['SFG' 'SFG'],BJH046,premotor
1501,[-27.64601438  -9.85431985  59.84517011],['preCG' 'preCG'],BJH046,M1
1502,[-31.71604938 -10.58649981  59.30132864],['preCG' 'preCG'],BJH046,M1
1503,[-35.78608438 -11.31867978  58.75748718],['preCG' 'preCG'],BJH046,M1
1504,[-39.85830988 -11.42825078  58.75217068],['preCG' 'preCG'],BJH046,M1
1505,[-43.93419338 -12.08087625  58.82054867],['preCG' 'preCG'],BJH046,M1
1506,[-48.01007688 -12.73350171  58.88892667],['preCG' 'preCG'],BJH046,M1
1507,[ -8.48500288 -24.25273197  55.66409592],['SMA' 'SMA'],BJH046,premotor
1508,[-24.78194388 -23.98885251  56.79357435],['preCG' 'preCG'],BJH046,M1
1509,[-28.85051138 -23.55536904  56.71456335],['postCG' 'postCG'],BJH046,S1
1510,[-32.93224338 -24.12844001  57.39516081],['postCG' 'postCG'],BJH046,S1
1511,[-37.01031738 -24.15845652  58.00206378],['postCG' 'postCG'],BJH046,S1
1512,[-41.08254288 -24.26802751  57.99674728],['postCG' 'postCG'],BJH046,S1
1513,[-45.15842638 -24.92065298  58.06512528],['postCG' 'postCG'],BJH046,S1
1514,[-49.23065188 -25.03022398  58.05980878],['postCG' 'postCG'],BJH046,S1
1515,[ 7.6580701  15.29406712 33.55389507],['MCC' 'MCC'],BJH046,ACC
1516,[11.7185986  15.56274712 34.7836505 ],['MCC' 'MCC'],BJH046,ACC
1517,[39.5795646  18.35485402 42.01935107],['MFG' 'MFG'],BJH046,DLPFC
1518,[43.0583466  18.60788101 43.24834699],['MFG' 'MFG'],BJH046,DLPFC
1519,[  6.65652712 -15.76566444  58.32543673],['SMA' 'SMA'],BJH046,premotor
1520,[ 22.95055462 -13.61866254  58.73783871],['preCG' 'preCG'],BJH046,M1
1521,[ 27.02058962 -12.88648258  59.28168017],['preCG' 'preCG'],BJH046,M1
1522,[ 31.09647312 -12.23385711  59.21330217],['preCG' 'preCG'],BJH046,M1
1523,[ 35.17235662 -11.58123165  59.14492417],['preCG' 'preCG'],BJH046,M1
1524,[ 39.24458212 -11.47166065  59.15024067],['preCG' 'preCG'],BJH046,M1
1525,[-21.64666869  -7.18956348 -14.18199391],['AMY' 'AMY'],BJH056,AMY
1526,[-25.43238119  -6.82691751 -14.3010399 ],['AMY' 'AMY'],BJH056,AMY
1527,[-29.21809369  -6.46427154 -14.42008589],['AMY' 'AMY'],BJH056,AMY
1528,[-40.59260719  -6.79800354 -14.32321289],['INS' 'INS'],BJH056,INS
1529,[-44.40602019  -6.70030555 -13.73419693],['STG' 'STG'],BJH056,STG
1530,[-48.21943319  -6.60260756 -13.14518096],['STG' 'STG'],BJH056,STG
1531,[-52.01093769  -6.71385156 -13.11288996],['STS' 'STS'],BJH056,STS
1532,[-55.80244219  -6.82509556 -13.08059896],['STS' 'STS'],BJH056,STS
1533,[-59.59394669  -6.93633956 -13.04830796],['MTG' 'MTG'],BJH056,MTG
1534,[-63.38545119  -7.04758356 -13.01601696],['MTG' 'MTG'],BJH056,MTG
1535,[-38.3202692  -14.09265111 -16.97942071],['FUG' 'FUG'],BJH056,VS
1536,[-57.3216087  -14.23098713 -15.70451577],['ITS' 'ITS'],BJH056,VS
1537,[-61.11890519 -14.8161211  -15.52088778],['MTG' 'MTG'],BJH056,MTG
1538,[-64.91620169 -15.40125507 -15.33725979],['MTG' 'MTG'],BJH056,MTG
1539,[-44.8152102  -33.90670392 -16.89184563],['FUG' 'FUG'],BJH056,VS
1540,[-49.6358602  -35.62433783 -18.21782954],['FUG' 'FUG'],BJH056,VS
1541,[-54.47841871 -37.13302975 -18.98708848],['ITG' 'ITG'],BJH056,VS
1542,[-59.86262071 -38.65761368 -19.75173443],['ITG' 'ITG'],BJH056,VS
1543,[-27.63088275   1.04125192 -41.13109335],['TP' 'TP'],BJH056,TP
1544,[-30.95226125   1.09883592 -39.28190345],['TP' 'TP'],BJH056,TP
1545,[-34.80949124   1.61441789 -37.57943756],['TP' 'TP'],BJH056,TP
1546,[-38.64481274   1.92105786 -36.43369662],['TP' 'TP'],BJH056,TP
1547,[-41.94428274   1.76969987 -35.1412317 ],['TP' 'TP'],BJH056,TP
1548,[-45.26566123   1.82728387 -33.29204181],['TP' 'TP'],BJH056,TP
1549,[-49.12289123   2.34286584 -31.58957591],['TP' 'TP'],BJH056,TP
1550,[-52.95821273   2.64950581 -30.44383498],['TP' 'TP'],BJH056,TP
1551,[-56.25189072   2.97203779 -29.30270704],['TP' 'TP'],BJH056,TP
1552,[-40.02953222  -4.76026771 -28.68988005],['ITS' 'ITS'],BJH056,VS
1553,[-43.81524472  -4.39762174 -28.80892605],['ITS' 'ITS'],BJH056,VS
1554,[-47.60095722  -4.03497577 -28.92797204],['ITS' 'ITS'],BJH056,VS
1555,[-51.39246172  -4.14621977 -28.89568104],['ITS' 'ITS'],BJH056,VS
1556,[-39.77169671 -27.96498429 -21.27898039],['FUG' 'FUG'],BJH056,VS
1557,[-43.56899321 -28.55011826 -21.0953524 ],['FUG' 'FUG'],BJH056,VS
1558,[-46.82464621 -29.11936023 -20.91633741],['ITG' 'ITG'],BJH056,VS
1559,[-50.62773471 -30.17838417 -20.58137242],['ITG' 'ITG'],BJH056,VS
1560,[-54.43082321 -31.23740811 -20.24640743],['ITG' 'ITG'],BJH056,VS
1561,[-58.25582021 -32.08749007 -19.35471748],['ITG' 'ITG'],BJH056,VS
1562,[-62.07502521 -32.46368205 -18.61436452],['ITG' 'ITG'],BJH056,VS
1563,[-29.90679918   5.50493975 -10.76151316],['INS' 'INS'],BJH056,INS
1564,[-33.69830368   5.39369575 -10.72922216],['INS' 'INS'],BJH056,INS
1565,[-37.49560018   4.80856178 -10.54559417],['INS' 'INS'],BJH056,INS
1566,[-41.29289668   4.22342781 -10.36196617],['INS' 'INS'],BJH056,INS
1567,[-45.06249268   3.90324182 -10.88640014],['STG' 'STG'],BJH056,STG
1568,[-48.83208868   3.58305583 -11.4108341 ],['STG' 'STG'],BJH056,STG
1569,[-52.62359318   3.47181183 -11.3785431 ],['STG' 'STG'],BJH056,STG
1570,[-56.41509768   3.36056783 -11.3462521 ],['STG' 'STG'],BJH056,STG
1571,[-60.20660218   3.24932383 -11.3139611 ],['MTG' 'MTG'],BJH056,MTG
1572,[-9.06426863 -7.17354538 10.13902065],['THAL' 'THAL'],BJH056,THAL
1573,[-12.81195614  -7.70267335   9.05786172],['THAL' 'THAL'],BJH056,THAL
1574,[-16.58155214  -8.02285934   8.53342775],['THAL' 'THAL'],BJH056,THAL
1575,[-20.35694014  -8.8169353    8.16033078],['PAL' 'PAL'],BJH056,N
1576,[-24.13232814  -9.61101126   7.78723381],['PUT' 'PUT'],BJH056,N
1577,[-27.36028064  -9.91530525   7.25818684],['PUT' 'PUT'],BJH056,N
1578,[-31.10796814 -10.44443323   6.17702791],['PUT' 'PUT'],BJH056,N
1579,[-34.87756414 -10.76461922   5.65259394],['CLAUS' 'CLAUS'],BJH056,N
1580,[-38.64716015 -11.08480521   5.12815998],['INS' 'INS'],BJH056,INS
1581,[-42.41675615 -11.4049912    4.60372601],['INS' 'INS'],BJH056,INS
1582,[-46.18635215 -11.72517719   4.07929204],['INS' 'INS'],BJH056,INS
1583,[-49.93403965 -12.25430517   2.99813311],['STG' 'STG'],BJH056,STG
1584,[-53.70363565 -12.57449116   2.47369915],['STG' 'STG'],BJH056,STG
1585,[-57.47323165 -12.89467715   1.94926518],['STG' 'STG'],BJH056,STG
1586,[-60.70118416 -13.19897114   1.42021821],['STG' 'STG'],BJH056,STG
1587,[-64.47657216 -13.9930471    1.04712124],['STG' 'STG'],BJH056,STG
1588,[-68.23005166 -14.99606505   0.1172993 ],['STG' 'STG'],BJH056,STG
1589,[-5.7358586  29.10195049 21.62533382],['ACC' 'ACC'],BJH056,ACC
1590,[-9.5215711  29.46459646 21.50628783],['ACC' 'ACC'],BJH056,ACC
1591,[-31.7553956   30.65257835  22.35485978],['MFG' 'MFG'],BJH056,DLPFC
1592,[-35.5469001   30.54133435  22.38715078],['MFG' 'MFG'],BJH056,DLPFC
1593,[-39.3326126   30.90398032  22.26810479],['MFG' 'MFG'],BJH056,DLPFC
1594,[-43.1183251   31.26662629  22.1490588 ],['MFG' 'MFG'],BJH056,DLPFC
1595,[-46.9098296   31.15538229  22.1813498 ],['MFG' 'MFG'],BJH056,DLPFC
1596,[-50.7013341   31.04413829  22.2136408 ],['MFG' 'MFG'],BJH056,DLPFC
1597,[ -7.8436817   16.63728709 -21.1561066 ],['OFC' 'OFC'],BJH056,OFC
1598,[-11.1315677   17.43370904 -20.16631566],['OFC' 'OFC'],BJH056,OFC
1599,[-14.4413622   18.43907297 -18.61979975],['OFC' 'OFC'],BJH056,OFC
1600,[-17.75115669  19.44443691 -17.07328385],['OFC' 'OFC'],BJH056,OFC
1601,[-21.58647819  19.75107689 -15.92754292],['OFC' 'OFC'],BJH056,OFC
1602,[-25.43791619  20.74054883 -14.37641401],['OFC' 'OFC'],BJH056,OFC
1603,[-28.74771068  21.74591277 -12.8298981 ],['OFC' 'OFC'],BJH056,OFC
1604,[-32.05750518  22.75127671 -11.2833822 ],['OFC' 'OFC'],BJH056,OFC
1605,[-35.36729967  23.75664065  -9.73686629],['OFC' 'OFC'],BJH056,OFC
1606,[-39.19682917  24.5371706   -8.74246235],['OFC' 'OFC'],BJH056,OFC
1607,[-43.04826717  25.52664254  -7.19133345],['OFC' 'OFC'],BJH056,OFC
1608,[-46.36385366  26.0581165   -5.49348055],['OFC' 'OFC'],BJH056,OFC
1609,[-49.65173966  26.85453845  -4.50368961],['OFC' 'OFC'],BJH056,OFC
1610,[-52.96153416  27.85990239  -2.9571737 ],['IFG' 'IFG'],BJH056,VLPFC
1611,[ 14.8476738   -5.42688554 -19.7015496 ],['AMY' 'AMY'],BJH056,AMY
1612,[ 18.6449703   -4.84175157 -19.88517759],['AMY' 'AMY'],BJH056,AMY
1613,[ 22.4364748   -4.73050757 -19.91746859],['AMY' 'AMY'],BJH056,AMY
1614,[ 26.2337713   -4.1453736  -20.10109659],['AMY' 'AMY'],BJH056,AMY
1615,[ 45.1706448   -1.27570974 -19.75444963],['STS' 'STS'],BJH056,STS
1616,[ 48.9679413   -0.69057576 -19.93807762],['STS' 'STS'],BJH056,STS
1617,[ 52.7594458   -0.57933176 -19.97036862],['MTG' 'MTG'],BJH056,MTG
1618,[ 5.65567423e+01  5.80220600e-03 -2.01539966e+01],['MTG' 'MTG'],BJH056,MTG
1619,[ 60.3540388    0.59093618 -20.33762461],['MTG' 'MTG'],BJH056,MTG
1620,[ 33.8278588  -13.02372505 -20.37657454],['HPC' 'HPC'],BJH056,HPC
1621,[ 37.5916628  -13.17742903 -19.70080358],['FUG' 'FUG'],BJH056,VS
1622,[ 48.9165673  -12.89970303 -18.53288965],['STS' 'STS'],BJH056,STS
1623,[ 52.7080718  -12.78845903 -18.56518065],['STS' 'STS'],BJH056,STS
1624,[ 56.4995763  -12.67721503 -18.59747165],['MTG' 'MTG'],BJH056,MTG
1625,[ 60.2691723  -12.35702904 -18.07303769],['MTG' 'MTG'],BJH056,MTG
1626,[ 38.5495393  -29.41084004 -16.38608371],['PHC' 'PHC'],BJH056,PHC
1627,[ 43.4726803  -31.31630792 -17.64376463],['FUG' 'FUG'],BJH056,VS
1628,[ 48.3958213  -33.22177581 -18.90144554],['FUG' 'FUG'],BJH056,VS
1629,[ 53.29126179 -35.39219167 -19.4510645 ],['ITG' 'ITG'],BJH056,VS
1630,[ 58.20861079 -37.77154952 -20.55740843],['ITG' 'ITG'],BJH056,VS
1631,[ 63.13175179 -39.6770174  -21.81508935],['ITG' 'ITG'],BJH056,VS
1632,[ 30.81700625   2.70158193 -40.36451042],['TP' 'TP'],BJH056,TP
1633,[ 34.02305025   3.21481791 -39.27873849],['TP' 'TP'],BJH056,TP
1634,[ 37.77073776   3.74394589 -38.19757956],['TP' 'TP'],BJH056,TP
1635,[ 41.51842526   4.27307386 -37.11642062],['TP' 'TP'],BJH056,TP
1636,[ 44.70256076   4.99525183 -35.47392372],['TP' 'TP'],BJH056,TP
1637,[ 48.42833977   5.7333218  -33.83603983],['TP' 'TP'],BJH056,TP
1638,[ 52.17602727   6.26244978 -32.75488089],['TP' 'TP'],BJH056,TP
1639,[ 26.22624277  -4.49297962 -33.70646578],['EC' 'EC'],BJH056,EC
1640,[ 30.01774727  -4.38173562 -33.73875678],['PRH' 'PRH'],BJH056,PRH
1641,[ 33.81504377  -3.79660165 -33.92238478],['PRH' 'PRH'],BJH056,PRH
1642,[ 37.61234027  -3.21146768 -34.10601277],['FUG' 'FUG'],BJH056,VS
1643,[ 41.40963677  -2.62633371 -34.28964076],['FUG' 'FUG'],BJH056,VS
1644,[ 45.20693326  -2.04119974 -34.47326875],['ITG' 'ITG'],BJH056,VS
1645,[ 48.99843776  -1.92995574 -34.50555975],['ITG' 'ITG'],BJH056,VS
1646,[ 32.28426479 -24.42967837 -22.34652037],['FUG' 'FUG'],BJH056,VS
1647,[ 36.06997729 -24.79232435 -22.22747438],['FUG' 'FUG'],BJH056,VS
1648,[ 39.87180629 -25.83780228 -22.51381636],['FUG' 'FUG'],BJH056,VS
1649,[ 43.13199179 -26.89917221 -22.79554534],['FUG' 'FUG'],BJH056,VS
1650,[ 46.91770429 -27.26181818 -22.67649935],['FUG' 'FUG'],BJH056,VS
1651,[ 50.70341679 -27.62446415 -22.55745335],['ITG' 'ITG'],BJH056,VS
1652,[ 54.48333729 -28.46100009 -22.28707037],['ITG' 'ITG'],BJH056,VS
1653,[ 58.26325779 -29.29753603 -22.01668738],['ITG' 'ITG'],BJH056,VS
1654,[ 62.04897029 -29.66018201 -21.89764139],['ITG' 'ITG'],BJH056,VS
1655,[ 30.86933431  10.44913755 -14.15904   ],['INS' 'INS'],BJH056,INS
1656,[ 34.09149482  10.27954157 -13.47865604],['INS' 'INS'],BJH056,INS
1657,[ 37.84950682   9.65194762 -12.65154809],['INS' 'INS'],BJH056,INS
1658,[ 41.60751882   9.02435367 -11.82444014],['INS' 'INS'],BJH056,INS
1659,[ 45.37132282   8.87064968 -11.14866918],['STG' 'STG'],BJH056,STG
1660,[ 49.13512682   8.7169457  -10.47289822],['STG' 'STG'],BJH056,STG
1661,[52.35149532  8.07345975 -9.64117727],['STG' 'STG'],BJH056,STG
1662,[56.10950733  7.4458658  -8.81406931],['STG' 'STG'],BJH056,STG
1663,[ 5.17761386 -7.74905733  5.9706709 ],['THAL' 'THAL'],BJH056,THAL
1664,[ 8.43779936 -8.81042726  5.68894192],['THAL' 'THAL'],BJH056,THAL
1665,[ 19.29131835 -10.80603112   5.08857996],['PAL' 'PAL'],BJH056,N
1666,[ 23.09314735 -11.85150905   4.80223798],['PAL' 'PAL'],BJH056,N
1667,[ 26.89497635 -12.89698699   4.515896  ],['PUT' 'PUT'],BJH056,N
1668,[ 30.15516185 -13.95835692   4.23416702],['PUT' 'PUT'],BJH056,N
1669,[ 33.93508235 -14.79489286   4.50455   ],['CLAUS' 'CLAUS'],BJH056,N
1670,[ 37.73691135 -15.84037079   4.21820802],['INS' 'INS'],BJH056,INS
1671,[ 41.53874035 -16.88584872   3.93186604],['INS' 'INS'],BJH056,INS
1672,[ 45.34056935 -17.93132665   3.64552406],['A1' 'A1'],BJH056,A1
1673,[ 48.60654685 -18.51880661   3.21245809],['A1' 'A1'],BJH056,A1
1674,[ 52.41416785 -19.09039457   2.77477911],['A1' 'A1'],BJH056,A1
1675,[ 56.21599685 -20.1358725    2.48843713],['A1' 'A1'],BJH056,A1
1676,[ 59.45427385 -20.98830045   2.76343312],['STG' 'STG'],BJH056,STG
1677,[ 63.25610285 -22.03377838   2.47709114],['STG' 'STG'],BJH056,STG
1678,[ 6.8120949  32.84070228 19.19508894],['ACC' 'ACC'],BJH056,ACC
1679,[10.5978074  32.47805631 19.31413494],['ACC' 'ACC'],BJH056,ACC
1680,[44.74778889 31.63969841 18.36407698],['MFG' 'MFG'],BJH056,DLPFC
1681,[48.53929339 31.75094241 18.33178598],['MFG' 'MFG'],BJH056,DLPFC
1682,[52.33079789 31.86218641 18.29949498],['MFG' 'MFG'],BJH056,DLPFC
1683,[56.12230239 31.97343041 18.26720398],['MFG' 'MFG'],BJH056,DLPFC
1684,[  5.6420048   16.50469112 -19.85530768],['OFC' 'OFC'],BJH056,OFC
1685,[  9.3954843   17.50770907 -18.92548574],['OFC' 'OFC'],BJH056,OFC
1686,[ 12.60732031  18.49483502 -17.9910508 ],['OFC' 'OFC'],BJH056,OFC
1687,[ 16.36659181  19.97174294 -17.21256586],['OFC' 'OFC'],BJH056,OFC
1688,[ 20.12007131  20.97476089 -16.28274392],['OFC' 'OFC'],BJH056,OFC
1689,[ 23.33190731  21.96188684 -15.34830898],['OFC' 'OFC'],BJH056,OFC
1690,[ 26.54953532  23.42290276 -14.56521103],['OFC' 'OFC'],BJH056,OFC
1691,[ 30.30301482  24.42592071 -13.63538909],['OFC' 'OFC'],BJH056,OFC
1692,[ 34.05649432  25.42893866 -12.70556715],['OFC' 'OFC'],BJH056,OFC
1693,[ 37.26833032  26.41606461 -11.77113221],['OFC' 'OFC'],BJH056,OFC
1694,[ 41.02180983  27.41908256 -10.84131027],['OFC' 'OFC'],BJH056,OFC
1695,[ 44.78108133  28.89599048 -10.06282533],['OFC' 'OFC'],BJH056,OFC
1696,[47.99291733 29.88311643 -9.12839039],['IFG' 'IFG'],BJH056,VLPFC
1697,[51.74639683 30.88613438 -8.19856845],['IFG' 'IFG'],BJH056,VLPFC
1698,[ 51.19845   -5.378665 -26.9295  ],['ITS' 'ITS'],LL31,VS
1699,[ 56.47245  -5.02096 -26.8085 ],['MTG' 'MTG'],LL31,MTG
1700,[ 61.91985   -4.743955 -26.95565 ],['MTG' 'MTG'],LL31,MTG
1701,[ 48.2021  -25.63015 -12.44505],['STS' 'STS'],LL31,STS
1702,[ 53.6676  -26.07945 -11.9772 ],['MTG' 'MTG'],LL31,MTG
1703,[ 59.08115 -26.39175 -10.8784 ],['MTG' 'MTG'],LL31,MTG
1704,[ 64.27315 -26.2413   -9.89575],['MTG' 'MTG'],LL31,MTG
1705,[ 69.6895  -26.28375  -8.66955],['MTG' 'MTG'],LL31,MTG
1706,[ 52.33035  -40.9247    -6.817755],['MTG' 'MTG'],LL31,MTG
1707,[ 57.6837  -41.31215  -6.68326],['MTG' 'MTG'],LL31,MTG
1708,[ 62.81685 -41.11655  -5.62556],['MTG' 'MTG'],LL31,MTG
1709,[ 67.68995  -40.96165   -4.919965],['MTG' 'MTG'],LL31,MTG
1710,[ 58.522    -43.62875   -6.573155],['MTG' 'MTG'],LL31,MTG
1711,[ 62.77315 -41.4407   -4.9189 ],['MTG' 'MTG'],LL31,MTG
1712,[ 67.54605  -39.17485   -2.711675],['MTG' 'MTG'],LL31,MTG
1713,[ 32.5301  -43.079    58.71585],['PostCG' 'PostCG'],LL31,S1
1714,[ 35.41445 -42.15125  63.21885],['PostCG' 'PostCG'],LL31,S1
1715,[  9.04530118  25.44577089 -11.68760917],['ACC' 'ACC'],BJH039,ACC
1716,[ 20.61400418  28.02251036 -12.07318264],['OFC' 'OFC'],BJH039,OFC
1717,[ 24.09609017  28.83026935 -12.38925162],['OFC' 'OFC'],BJH039,OFC
1718,[ 28.09937117  29.12433084 -12.5091021 ],['OFC' 'OFC'],BJH039,OFC
1719,[ 32.09397817  29.62676383 -12.08541112],['OFC' 'OFC'],BJH039,OFC
1720,[ 36.13294967  30.61543981 -11.84839263],['OFC' 'OFC'],BJH039,OFC
1721,[ 40.18059517  31.3957443  -12.15491561],['IFG' 'IFG'],BJH039,VLPFC
1722,[ 44.22824067  32.17604879 -12.46143859],['IFG' 'IFG'],BJH039,VLPFC
1723,[ 14.90839166  38.07695299 -20.28599233],['OFC' 'OFC'],BJH039,OFC
1724,[ 18.84128617  38.50988595 -18.58854591],['OFC' 'OFC'],BJH039,OFC
1725,[ 22.72981617  38.4565759  -16.704427  ],['OFC' 'OFC'],BJH039,OFC
1726,[ 26.06146067  38.22234887 -15.37339556],['OFC' 'OFC'],BJH039,OFC
1727,[ 29.42879568  38.68273633 -13.68549515],['OFC' 'OFC'],BJH039,OFC
1728,[ 33.31732568  38.62942628 -11.80137624],['OFC' 'OFC'],BJH039,OFC
1729,[ 37.21452968  38.36774475 -10.4607988 ],['OFC' 'OFC'],BJH039,OFC
1730,[40.59053869 38.61976072 -9.31643986],['OFC' 'OFC'],BJH039,OFC
1731,[43.91350919 38.59390517 -7.44186695],['IFG' 'IFG'],BJH039,VLPFC
1732,[47.23647969 38.56804963 -5.56729404],['IFG' 'IFG'],BJH039,VLPFC
1733,[ 9.18371872 59.45321321 -9.15093373],['FP' 'FP'],BJH039,N
1734,[12.57707572 59.2884862  -9.09365772],['FP' 'FP'],BJH039,N
1735,[16.53599221 59.09630469 -9.02683571],['FP' 'FP'],BJH039,N
1736,[20.49490871 58.90412318 -8.96001369],['MFG' 'MFG'],BJH039,DLPFC
1737,[24.44515121 58.92031316 -8.34965021],['MFG' 'MFG'],BJH039,DLPFC
1738,[28.44843221 59.21437466 -8.4695007 ],['MFG' 'MFG'],BJH039,DLPFC
1739,[31.88615371 59.53589065 -8.59889718],['MFG' 'MFG'],BJH039,DLPFC
1740,[35.83639621 59.55208063 -7.9885337 ],['MFG' 'MFG'],BJH039,DLPFC
1741,[25.90262176 51.35000983 10.14010136],['MFG' 'MFG'],BJH039,DLPFC
1742,[29.85286426 51.36619981 10.75046483],['MFG' 'MFG'],BJH039,DLPFC
1743,[34.32430176 50.86869228 11.55704681],['MFG' 'MFG'],BJH039,DLPFC
1744,[38.23885376 50.19026777 11.81054132],['MFG' 'MFG'],BJH039,DLPFC
1745,[42.19777025 49.99808626 11.87736333],['MFG' 'MFG'],BJH039,DLPFC
1746,[ 7.12608225 35.53009443 10.0089355 ],['ACC' 'ACC'],BJH039,ACC
1747,[11.08499875 35.33791292 10.07575751],['ACC' 'ACC'],BJH039,ACC
1748,[15.04391524 35.14573141 10.14257952],['ACC' 'ACC'],BJH039,ACC
1749,[19.00283174 34.9535499  10.20940153],['ACC' 'ACC'],BJH039,ACC
1750,[22.91738374 34.27512539 10.46289604],['ACC' 'ACC'],BJH039,ACC
1751,[26.82326174 33.80507237 11.25993201],['ACC' 'ACC'],BJH039,ACC
1752,[30.82654274 34.09913386 11.14008153],['ACC' 'ACC'],BJH039,ACC
1753,[34.78545924 33.90695235 11.20690354],['ACC' 'ACC'],BJH039,ACC
1754,[38.17014224 33.95059683 11.80772102],['MFG' 'MFG'],BJH039,DLPFC
1755,[42.17342324 34.24465832 11.68787054],['MFG' 'MFG'],BJH039,DLPFC
1756,[46.08797524 33.56623381 11.94136504],['MFG' 'MFG'],BJH039,DLPFC
1757,[50.00252724 32.8878093  12.19485955],['MFG' 'MFG'],BJH039,DLPFC
1758,[37.8081002  40.77137667 -7.01980752],['IFG' 'IFG'],BJH039,VLPFC
1759,[42.33257619 40.55174066 -6.94343951],['IFG' 'IFG'],BJH039,VLPFC
1760,[46.29149269 40.35955915 -6.87661749],['IFG' 'IFG'],BJH039,VLPFC
1761,[49.68484969 40.19483214 -6.81934148],['IFG' 'IFG'],BJH039,VLPFC
1762,[ 31.67771611 -11.67406636 -20.55161464],['HPC' 'HPC'],BJH039,HPC
1763,[ 63.4389361  -32.11835896 -15.25568407],['MTG' 'MTG'],BJH039,MTG
1764,[ 55.7280826  -22.32905294 -17.12835462],['STS' 'STS'],BJH039,STS
1765,[ 59.6783251  -22.31286296 -16.51799114],['MTG' 'MTG'],BJH039,MTG
1766,[ 64.2028011  -22.53249898 -16.44162312],['MTG' 'MTG'],BJH039,MTG
1767,[ 68.1617176  -22.72468049 -16.37480111],['MTG' 'MTG'],BJH039,MTG
1768,[30.09490619 22.59627071 -4.39606647],['IFG' 'IFG'],BJH039,VLPFC
1769,[34.13387769 23.58494669 -4.15904798],['IFG' 'IFG'],BJH039,VLPFC
1770,[38.13715869 23.87900818 -4.27889846],['IFG' 'IFG'],BJH039,VLPFC
1771,[41.57488019 24.20052417 -4.40829495],['IFG' 'IFG'],BJH039,VLPFC
1772,[45.62252568 24.98082867 -4.71481793],['IFG' 'IFG'],BJH039,VLPFC
1773,[49.67017118 25.76113316 -5.02134091],['IFG' 'IFG'],BJH039,VLPFC
1774,[-44.57441886  -5.67549371 -20.22617649],['STG' 'STG'],BJH039,STG
1775,[-48.53333536  -5.4833122  -20.2929985 ],['STG' 'STG'],BJH039,STG
1776,[-35.99345887 -26.73062368 -18.3962083 ],['PHG' 'PHG'],BJH039,PHC
1777,[-59.18139837 -25.60498913 -18.78759437],['ITS' 'ITS'],BJH039,VS
1778,[-63.14031487 -25.41280762 -18.85441638],['ITS' 'ITS'],BJH039,VS
1779,[-59.84802486 -13.01930763 -21.1222064 ],['MTG' 'MTG'],BJH039,MTG
1780,[-64.37250086 -12.79967161 -21.19857441],['MTG' 'MTG'],BJH039,MTG
1781,[-26.99188568  -6.08904389 -20.6962386 ],['AMY' 'AMY'],BJH042,AMY
1782,[-32.36662404  -6.07820289 -20.75296959],['AMY' 'AMY'],BJH042,AMY
1783,[-37.7413624   -6.06736189 -20.80970058],['AMY' 'AMY'],BJH042,AMY
1784,[-42.58402632  -6.10444489 -20.85430108],['INS' 'INS'],BJH042,INS
1785,[-47.42669024  -6.14152788 -20.89890157],['STG' 'STG'],BJH042,STG
1786,[-53.33350303  -6.08276289 -20.96776306],['STG' 'STG'],BJH042,STG
1787,[-52.97914153 -16.99971059 -19.44616974],['MTG' 'MTG'],BJH042,MTG
1788,[-58.35387989 -16.98886959 -19.50290074],['MTG' 'MTG'],BJH042,MTG
1789,[ 43.52305039  -2.62088545 -34.33340128],['ITG' 'ITG'],BJH042,VS
1790,[ 47.83363987  -2.53587846 -34.30093128],['ITG' 'ITG'],BJH042,VS
1791,[ 51.61215492  -2.40294748 -34.28059178],['ITG' 'ITG'],BJH042,VS
1792,[ 29.49184256  -6.0544924  -20.69900213],['AMY' 'AMY'],BJH042,AMY
1793,[ 44.03177583  -6.66909484 -22.19908255],['INS' 'INS'],BJH042,INS
1794,[ 47.81029088  -6.53616386 -22.17874305],['STG' 'STG'],BJH042,STG
1795,[ 51.61078442  -6.48905037 -22.72455552],['STG' 'STG'],BJH042,STG
1796,[ 55.41127797  -6.44193688 -23.27036799],['MTG' 'MTG'],BJH042,MTG
1797,[ 59.21177152  -6.39482339 -23.81618046],['MTG' 'MTG'],BJH042,MTG
1798,[ 39.5974674  -17.1547266  -20.78666372],['HPC' 'HPC'],BJH042,HPC
1799,[ 42.86588651 -17.05968912 -21.34460669],['FUG' 'FUG'],BJH042,VS
1800,[ 53.57331074 -18.27562149 -22.80045261],['STS' 'STS'],BJH042,STS
1801,[ 57.35182579 -18.14269051 -22.78011311],['STS' 'STS'],BJH042,STS
1802,[ 61.66241527 -18.05768352 -22.74764312],['MTG' 'MTG'],BJH042,MTG
1803,[ 65.40891483 -18.47896897 -23.22888159],['MTG' 'MTG'],BJH042,MTG
1804,[ 52.06770695 -28.01898725 -14.5214272 ],['STS' 'STS'],BJH042,STS
1805,[ 55.31414756 -27.83813228 -14.5132182 ],['MTG' 'MTG'],BJH042,MTG
1806,[ 59.11464111 -27.79101879 -15.05903067],['MTG' 'MTG'],BJH042,MTG
1807,[ 63.44720909 -27.79182929 -15.59271264],['MTG' 'MTG'],BJH042,MTG
1808,[ 22.83373983   7.17445684 -39.95614734],['TP' 'TP'],BJH042,TP
1809,[ 26.4603099    6.54222492 -38.67435593],['TP' 'TP'],BJH042,TP
1810,[ 30.08687996   5.90999301 -37.39256451],['TP' 'TP'],BJH042,TP
1811,[ 33.18137559   5.32568509 -36.1229036 ],['TP' 'TP'],BJH042,TP
1812,[ 36.80794566   4.69345318 -34.84111218],['TP' 'TP'],BJH042,TP
1813,[ 40.51048822   4.44380272 -34.19004673],['TP' 'TP'],BJH042,TP
1814,[ 43.62696235   3.77367731 -33.48653778],['TP' 'TP'],BJH042,TP
1815,[ 26.35260848 -10.04201614 -39.83936049],['PRH' 'PRH'],BJH042,PRH
1816,[ 29.51303961 -10.88377655 -40.26815547],['PRH' 'PRH'],BJH042,PRH
1817,[ 33.21558217 -11.13342701 -39.61709001],['PRH' 'PRH'],BJH042,PRH
1818,[ 36.91812472 -11.38307748 -38.96602456],['FUG' 'FUG'],BJH042,VS
1819,[ 40.64264578 -11.71854544 -38.88111107],['FUG' 'FUG'],BJH042,VS
1820,[ 44.36716684 -12.0540134  -38.79619758],['FUG' 'FUG'],BJH042,VS
1821,[ 48.12370339 -11.83526492 -38.20970612],['ITG' 'ITG'],BJH042,VS
1822,[ 51.88023993 -11.61651644 -37.62321465],['ITG' 'ITG'],BJH042,VS
1823,[ 55.63677648 -11.39776796 -37.03672319],['ITG' 'ITG'],BJH042,VS
1824,[ 25.63168063 -28.31524682 -23.42650964],['PHG' 'PHG'],BJH042,PHC
1825,[ 29.31224469 -28.47907978 -22.20929222],['PHG' 'PHG'],BJH042,PHC
1826,[ 32.96079325 -29.19712919 -21.49365277],['PHG' 'PHG'],BJH042,PHC
1827,[ 36.09924588 -29.9530721  -21.35629578],['PHG' 'PHG'],BJH042,PHC
1828,[ 39.82376694 -30.28854006 -21.27138229],['FUG' 'FUG'],BJH042,VS
1829,[ 43.4723155  -31.00658947 -20.55574285],['FUG' 'FUG'],BJH042,VS
1830,[ 47.12086407 -31.72463888 -19.8401034 ],['FUG' 'FUG'],BJH042,VS
1831,[ 50.84538512 -32.06010684 -19.75518991],['ITG' 'ITG'],BJH042,VS
1832,[ 54.51591219 -32.86397374 -19.60570242],['ITG' 'ITG'],BJH042,VS
1833,[ 58.16446075 -33.58202315 -18.89006298],['ITG' 'ITG'],BJH042,VS
1834,[ 61.28093488 -34.25214856 -18.18655403],['ITG' 'ITG'],BJH042,VS
1835,[ 4.56189901 -6.85399895 10.38477648],['THAL' 'THAL'],BJH042,THAL
1836,[ 8.33037706 -7.36110191  9.33738604],['THAL' 'THAL'],BJH042,THAL
1837,[12.63092955 -7.91612885  8.30212609],['THAL' 'THAL'],BJH042,THAL
1838,[ 29.19307709 -11.02511053   4.2781038 ],['PUT' 'PUT'],BJH042,N
1839,[ 32.96155514 -11.53221349   3.23071336],['INS' 'INS'],BJH042,INS
1840,[ 37.20811364 -12.55563938   2.26002741],['INS' 'INS'],BJH042,INS
1841,[ 41.45467214 -13.57906527   1.28934146],['STG' 'STG'],BJH042,STG
1842,[ 45.75522463 -14.13409222   0.25408151],['STG' 'STG'],BJH042,STG
1843,[ 49.54568118 -14.72701266  -1.35946089],['STG' 'STG'],BJH042,STG
1844,[26.2678949   1.14829592 -6.69757393],['PUT' 'PUT'],BJH042,N
1845,[38.35771842  6.74456533 -0.41176727],['INS' 'INS'],BJH042,INS
1846,[41.16813107  8.63599362  1.08904515],['INS' 'INS'],BJH042,INS
1847,[44.43464567 10.09691648  3.23271403],['INS' 'INS'],BJH042,INS
1848,[47.19106434 11.51994583  4.79810044],['IFG' 'IFG'],BJH042,VLPFC
1849,[49.947483   12.94297518  6.36348685],['IFG' 'IFG'],BJH042,VLPFC
1850,[53.2139976  14.40389803  8.50715573],['IFG' 'IFG'],BJH042,VLPFC
1851,[56.5024907  15.77900339 10.08467265],['IFG' 'IFG'],BJH042,VLPFC
1852,[ 1.94791868 29.95508404 -6.90473517],['ACC' 'ACC'],BJH042,ACC
1853,[ 5.19435929 30.13593902 -6.89652617],['ACC' 'ACC'],BJH042,ACC
1854,[ 8.97287434 30.26887    -6.87618667],['ACC' 'ACC'],BJH042,ACC
1855,[27.91944357 31.40192387 -6.83906318],['OFC' 'OFC'],BJH042,OFC
1856,[31.14390568 31.66859634 -6.26470221],['OFC' 'OFC'],BJH042,OFC
1857,[  1.57378932  11.02307164 -17.57730567],['OFC' 'OFC'],BJH042,OFC
1858,[  4.83026693  11.84396055 -16.50136673],['OFC' 'OFC'],BJH042,OFC
1859,[  8.08674453  12.66484947 -15.42542779],['OFC' 'OFC'],BJH042,OFC
1860,[ 11.39721613  13.95413733 -14.41406284],['OFC' 'OFC'],BJH042,OFC
1861,[ 14.70768773  15.24342519 -13.4026979 ],['OFC' 'OFC'],BJH042,OFC
1862,[ 17.96416533  16.0643141  -12.32675896],['OFC' 'OFC'],BJH042,OFC
1863,[ 21.22064294  16.88520302 -11.25082002],['OFC' 'OFC'],BJH042,OFC
1864,[ 24.47712055  17.70609193 -10.17488108],['OFC' 'OFC'],BJH042,OFC
1865,[28.26567259 18.47905686 -9.08681164],['OFC' 'OFC'],BJH042,OFC
1866,[32.05422463 19.25202178 -7.99874221],['OFC' 'OFC'],BJH042,OFC
1867,[35.31070224 20.07291069 -6.92280327],['OFC' 'OFC'],BJH042,OFC
1868,[38.62117383 21.36219855 -5.91143832],['OFC' 'OFC'],BJH042,OFC
1869,[41.93164543 22.65148641 -4.90007337],['IFG' 'IFG'],BJH042,VLPFC
1870,[45.72019747 23.42445133 -3.81200394],['IFG' 'IFG'],BJH042,VLPFC
1871,[49.50874951 24.19741626 -2.7239345 ],['IFG' 'IFG'],BJH042,VLPFC
1872,[ 21.39826747 -35.26991179 -14.75987929],['PHG' 'PHG'],OS63,PHC
1873,[ 24.89355783 -35.18933109 -14.92252001],['PHG' 'PHG'],OS63,PHC
1874,[ 28.3888482  -35.10875038 -15.08516072],['PHG' 'PHG'],OS63,PHC
1875,[ 31.88413857 -35.02816967 -15.24780144],['PHG' 'PHG'],OS63,PHC
1876,[ 35.37942893 -34.94758897 -15.41044215],['PHG' 'PHG'],OS63,PHC
1877,[ 38.8747193  -34.86700826 -15.57308287],['FUG' 'FUG'],OS63,VS
1878,[ 42.37000967 -34.78642755 -15.73572359],['FUG' 'FUG'],OS63,VS
1879,[ 45.86530003 -34.70584685 -15.8983643 ],['FUG' 'FUG'],OS63,VS
1880,[ 56.35117114 -34.46410472 -16.38628645],['MTG' 'MTG'],OS63,MTG
1881,[ 55.56748715 -39.78637008  17.29915675],['TPJ' 'TPJ'],OS63,parietal
1882,[ 59.05564976 -39.67587745  17.033614  ],['TPJ' 'TPJ'],OS63,parietal
1883,[ 43.31822852 -22.91292144 -13.87856757],['FUG' 'FUG'],OS63,VS
1884,[ 34.45986698 -24.66656292   4.46181793],['INS' 'INS'],OS63,INS
1885,[ 37.94491888 -24.48808714   4.19244901],['A1' 'A1'],OS63,A1
1886,[ 41.42997079 -24.30961136   3.92308009],['A1' 'A1'],OS63,A1
1887,[ 44.91502269 -24.13113558   3.65371117],['A1' 'A1'],OS63,A1
1888,[ 48.4000746  -23.9526598    3.38434225],['A1' 'A1'],OS63,A1
1889,[ 51.88512651 -23.77418402   3.11497333],['A1' 'A1'],OS63,A1
1890,[ 55.37017841 -23.59570825   2.84560441],['STG' 'STG'],OS63,STG
1891,[ 58.85523032 -23.41723247   2.57623549],['STG' 'STG'],OS63,STG
1892,[ 36.49426006 -12.39401832 -16.91033287],['PRH' 'PRH'],OS63,PRH
1893,[45.8777491  -4.03061338 -3.26287015],['STG' 'STG'],OS63,STG
1894,[49.36654883 -3.8558683  -3.4813664 ],['STG' 'STG'],OS63,STG
1895,[52.85534855 -3.68112323 -3.69986266],['STG' 'STG'],OS63,STG
1896,[ 20.23966576  -9.7711799  -27.91244576],['EC' 'EC'],OS63,EC
1897,[ 23.72626139  -9.57991568 -28.15133686],['EC' 'EC'],OS63,EC
1898,[ 27.21285701  -9.38865145 -28.39022795],['EC' 'EC'],OS63,EC
1899,[ 30.69945263  -9.19738723 -28.62911905],['PRH' 'PRH'],OS63,PRH
1900,[ 34.18604826  -9.006123   -28.86801014],['PRH' 'PRH'],OS63,PRH
1901,[ 25.08717191  -0.42905585 -18.49016978],['AMY' 'AMY'],OS63,AMY
1902,[ 28.58377264  -0.29086911 -18.42170293],['AMY' 'AMY'],OS63,AMY
1903,[29.2935888  23.93693349  3.42747757],['INS' 'INS'],OS63,INS
1904,[32.70884568 24.6629325   3.18468977],['IFG' 'IFG'],OS63,VLPFC
1905,[36.12410255 25.38893151  2.94190198],['IFG' 'IFG'],OS63,VLPFC
1906,[39.53935943 26.11493052  2.69911419],['IFG' 'IFG'],OS63,VLPFC
1907,[42.95461631 26.84092954  2.45632639],['IFG' 'IFG'],OS63,VLPFC
1908,[46.36987318 27.56692855  2.2135386 ],['IFG' 'IFG'],OS63,VLPFC
1909,[31.9058519  11.82000114 -8.46809723],['INS' 'INS'],OS63,INS
1910,[32.18662182 12.31276586 -5.01435272],['INS' 'INS'],OS63,INS
1911,[32.46739175 12.8055306  -1.5606082 ],['INS' 'INS'],OS63,INS
1912,[32.74816167 13.29829534  1.89313631],['INS' 'INS'],OS63,INS
1913,[33.02893159 13.79106006  5.34688083],['INS' 'INS'],OS63,INS
1914,[33.30970152 14.28382479  8.80062534],['IFG' 'IFG'],OS63,VLPFC
1915,[34.99432106 17.24041318 29.52309243],['MFG' 'MFG'],OS63,DLPFC
1916,[35.27509098 17.73317791 32.97683694],['MFG' 'MFG'],OS63,DLPFC
1917,[35.55586091 18.22594264 36.43058146],['MFG' 'MFG'],OS63,DLPFC
1918,[35.83663083 18.71870738 39.88432597],['MFG' 'MFG'],OS63,DLPFC
1919,[36.11740075 19.2114721  43.33807049],['MFG' 'MFG'],OS63,DLPFC
1920,[ -4.9  27.3 -15. ],['ACC' 'ACC'],BJH026,ACC
1921,[ -8.8   27.55 -14.  ],['ACC' 'ACC'],BJH026,ACC
1922,[-35.    28.35  -6.  ],['FOP' 'FOP'],BJH026,VLPFC
1923,[-38.35  28.7   -4.4 ],['FOP' 'FOP'],BJH026,VLPFC
1924,[-42.25  28.95  -3.35],['IFG' 'IFG'],BJH026,VLPFC
1925,[-46.15  29.2   -2.3 ],['IFG' 'IFG'],BJH026,VLPFC
1926,[-50.05  29.4   -1.3 ],['IFG' 'IFG'],BJH026,VLPFC
1927,[-53.95  29.65  -0.25],['IFG' 'IFG'],BJH026,VLPFC
1928,[-33.6    1.45 -14.1 ],['INS' 'INS'],BJH026,INS
1929,[-34.2   3.5 -11. ],['INS' 'INS'],BJH026,INS
1930,[-34.8    6.2   -7.45],['INS' 'INS'],BJH026,INS
1931,[-34.85   9.    -3.3 ],['INS' 'INS'],BJH026,INS
1932,[-35.45  11.7    0.3 ],['INS' 'INS'],BJH026,INS
1933,[-36.    14.25   3.3 ],['INS' 'INS'],BJH026,INS
1934,[-36.6   16.4    6.95],['INS' 'INS'],BJH026,INS
1935,[-37.2  18.6  10.6],['IFG' 'IFG'],BJH026,VLPFC
1936,[-40.15  28.4   25.55],['MFG' 'MFG'],BJH026,DLPFC
1937,[-40.75  31.2   29.7 ],['MFG' 'MFG'],BJH026,DLPFC
1938,[-41.35  33.4   33.35],['MFG' 'MFG'],BJH026,DLPFC
1939,[-33.85 -12.35   9.8 ],['CAU' 'CAU'],BJH026,N
1940,[-37.2  -12.7   10.35],['INS' 'INS'],BJH026,INS
1941,[-41.1  -13.1   10.95],['INS' 'INS'],BJH026,INS
1942,[-45.   -13.45  11.55],['INS' 'INS'],BJH026,INS
1943,[-48.9 -13.8  12.1],['postCG' 'postCG'],BJH026,S1
1944,[-52.75 -14.15  12.65],['postCG' 'postCG'],BJH026,S1
1945,[-56.65 -14.5   13.2 ],['postCG' 'postCG'],BJH026,S1
1946,[ -6.05 -47.75  26.35],['PCC' 'PCC'],BJH026,PCC
1947,[ -9.35 -48.2   26.4 ],['PCC' 'PCC'],BJH026,PCC
1948,[-13.25 -48.75  25.85],['PCC' 'PCC'],BJH026,PCC
1949,[-43.8 -52.8  25.9],['SMG' 'SMG'],BJH026,parietal
1950,[-47.7  -53.15  26.45],['SMG' 'SMG'],BJH026,parietal
1951,[-51.55 -53.6   26.45],['SMG' 'SMG'],BJH026,parietal
1952,[-28.9   14.6  -41.25],['TP' 'TP'],BJH026,TP
1953,[-31.7   13.8  -39.95],['TP' 'TP'],BJH026,TP
1954,[-34.5   13.15 -38.15],['TP' 'TP'],BJH026,TP
1955,[-37.9   12.5  -36.35],['TP' 'TP'],BJH026,TP
1956,[-41.25  11.7  -35.1 ],['TP' 'TP'],BJH026,TP
1957,[-56.45   9.1  -27.3 ],['TP' 'TP'],BJH026,TP
1958,[-31.15   3.4  -46.1 ],['FUG' 'FUG'],BJH026,VS
1959,[-34.5    2.15 -44.75],['FUG' 'FUG'],BJH026,VS
1960,[-37.9   0.9 -43.4],['FUG' 'FUG'],BJH026,VS
1961,[-41.3    0.1  -42.15],['FUG' 'FUG'],BJH026,VS
1962,[-44.65  -0.7  -40.9 ],['FUG' 'FUG'],BJH026,VS
1963,[-48.    -1.45 -39.7 ],['FUG' 'FUG'],BJH026,VS
1964,[-51.4   -2.2  -38.45],['ITG' 'ITG'],BJH026,VS
1965,[-55.35  -3.5  -37.1 ],['ITG' 'ITG'],BJH026,VS
1966,[-59.25  -4.75 -35.75],['MTG' 'MTG'],BJH026,MTG
1967,[-40.75 -16.7  -29.95],['FUG' 'FUG'],BJH026,VS
1968,[-44.05 -17.15 -29.95],['FUG' 'FUG'],BJH026,VS
1969,[-47.95 -17.55 -29.95],['FUG' 'FUG'],BJH026,VS
1970,[-51.85 -18.5  -29.85],['ITG' 'ITG'],BJH026,VS
1971,[-55.2  -19.5  -29.75],['ITG' 'ITG'],BJH026,VS
1972,[-59.15 -20.35 -29.1 ],['ITG' 'ITG'],BJH026,VS
1973,[-25.   -42.2  -12.15],['PHG' 'PHG'],BJH026,PHC
1974,[-28.35 -42.6  -11.55],['PHG' 'PHG'],BJH026,PHC
1975,[-32.2  -43.05 -11.6 ],['PHG' 'PHG'],BJH026,PHC
1976,[-36.1  -43.9  -10.95],['PHG' 'PHG'],BJH026,PHC
1977,[-62.9 -46.8  -6.3],['MTG' 'MTG'],BJH026,MTG
1978,[-38.15 -21.1   -2.6 ],['INS' 'INS'],BJH026,INS
1979,[-41.45 -20.95  -2.15],['INS' 'INS'],BJH026,INS
1980,[-45.35 -20.8   -1.7 ],['A1' 'A1'],BJH026,A1
1981,[-49.25 -21.15  -1.15],['A1' 'A1'],BJH026,A1
1982,[-53.15 -21.5   -0.6 ],['A1' 'A1'],BJH026,A1
1983,[-57.05 -21.25   0.45],['STG' 'STG'],BJH026,STG
1984,[-60.95 -21.1    0.95],['STG' 'STG'],BJH026,STG
1985,[ 21.15  -5.75 -16.55],['AMY' 'AMY'],BJH026,AMY
1986,[ 25.05  -6.45 -16.9 ],['AMY' 'AMY'],BJH026,AMY
1987,[ 28.95  -7.1  -17.25],['AMY' 'AMY'],BJH026,AMY
1988,[ 32.8   -7.25 -17.75],['AMY' 'AMY'],BJH026,AMY
1989,[ 56.05 -11.15 -19.9 ],['STS' 'STS'],BJH026,STS
1990,[-32810.4  -26145.65 -15045.55],['PRH' 'PRH'],LL08,PRH
1991,[-55897.1  -21793.9  -15144.65],['MTG' 'MTG'],LL08,MTG
1992,[-60388.45 -20778.2  -15115.35],['MTG' 'MTG'],LL08,MTG
1993,[-24611.85  19284.55  39481.85],['SFS' 'SFS'],LL08,DLPFC
1994,[-28056.75  21300.8   42068.  ],['MFG' 'MFG'],LL08,DLPFC
1995,[-31736.35  23415.    44987.8 ],['MFG' 'MFG'],LL08,DLPFC
1996,[-38263.55 -45861.8   46908.7 ],['IP' 'IP'],LL08,parietal
1997,[-41885.5  -45416.15  50540.15],['IP' 'IP'],LL08,parietal
1998,[ 24366.45   34107.55  -10026.385],['OFC' 'OFC'],LL08,OFC
1999,[25399.45  35899.7   -4415.695],['OFC' 'OFC'],LL08,OFC
2000,[31139.7 43054.9 21976.6],['MFG' 'MFG'],LL08,DLPFC
2001,[32125.7  44365.85 27155.  ],['MFG' 'MFG'],LL08,DLPFC
2002,[33369.  45832.8 32300.5],['MFG' 'MFG'],LL08,DLPFC
2003,[34754.6 31681.9 18473.3],['MFG' 'MFG'],LL08,DLPFC
2004,[39555.2  32420.95 19748.1 ],['MFG' 'MFG'],LL08,DLPFC
2005,[43863.25 33204.9  20971.75],['MFG' 'MFG'],LL08,DLPFC
2006,[ 9387.47 13257.35 29032.95],['ACC' 'ACC'],LL08,ACC
2007,[22220.75 24167.45 41219.85],['SFG' 'SFG'],LL08,premotor
2008,[25237.5  26653.75 44146.55],['SFG' 'SFG'],LL08,premotor
2009,[28745.55 29173.6  47403.85],['SFG' 'SFG'],LL08,premotor
2010,[ 13072.5  -27174.45  28939.9 ],['PCC' 'PCC'],LL08,PCC
2011,[ 55307.8  -30977.8   37806.95],['IP' 'IP'],LL08,parietal
2012,[ 22811.5  -36740.    52702.95],['PostCG' 'PostCG'],LL08,S1
2013,[ 24504.6  -37108.25  58564.3 ],['PostCG' 'PostCG'],LL08,S1
2014,[ 26123.55 -36674.9   63813.65],['PostCG' 'PostCG'],LL08,S1
2015,[ 28036.25 -36512.85  68615.85],['PostCG' 'PostCG'],LL08,S1
2016,[ 27878.2  -10882.65 -21279.55],['HPC' 'HPC'],LL08,HPC
2017,[ 32313.4   -9434.   -21827.65],['HPC' 'HPC'],LL08,HPC
2018,[ 50333.9   -5577.75 -24258.65],['ITS' 'ITS'],LL08,VS
2019,[-15.57711642  -7.03874672 -24.27765703],['EC' 'EC'],SLCH018,EC
2020,[-18.86715342  -6.73981772 -25.44344353],['AMY' 'AMY'],SLCH018,AMY
2021,[-22.71033092  -5.80631472 -26.10229053],['AMY' 'AMY'],SLCH018,AMY
2022,[-26.55350842  -4.87281172 -26.76113753],['AMY' 'AMY'],SLCH018,AMY
2023,[-44.65745892   0.66966328 -31.31615753],['TP' 'TP'],SLCH018,TP
2024,[-48.50063642   1.60316628 -31.97500453],['TP' 'TP'],SLCH018,TP
2025,[-51.78925942   2.43812228 -33.20251753],['TP' 'TP'],SLCH018,TP
2026,[-44.17885742 -10.18600272 -24.88177053],['STS' 'STS'],SLCH018,STS
2027,[-47.46748042  -9.35104672 -26.10928353],['STS' 'STS'],SLCH018,STS
2028,[-51.31065792  -8.41754372 -26.76813053],['STS' 'STS'],SLCH018,STS
2029,[-55.15524942  -8.02006772 -27.36525103],['MTG' 'MTG'],SLCH018,MTG
2030,[-58.44835692  -7.08156422 -28.02825703],['MTG' 'MTG'],SLCH018,MTG
2031,[-53.08917992 -28.21686522 -15.25448153],['MTG' 'MTG'],SLCH018,MTG
2032,[-56.94108392 -28.78789572 -15.16364203],['MTG' 'MTG'],SLCH018,MTG
2033,[-60.79157392 -28.82289922 -15.13452903],['MTG' 'MTG'],SLCH018,MTG
2034,[-64.64347792 -29.39392972 -15.04368953],['MTG' 'MTG'],SLCH018,MTG
2035,[-43.18868842 -12.18617272 -11.97712253],['STG' 'STG'],SLCH018,STG
2036,[-47.04980392 -10.83847972 -10.37794153],['STG' 'STG'],SLCH018,STG
2037,[-50.90643492  -9.59433422  -9.34326753],['STG' 'STG'],SLCH018,STG
2038,[-54.20851142  -8.44873572  -8.87725953],['STG' 'STG'],SLCH018,STG
2039,[-57.51507242  -7.19958972  -7.84674453],['STG' 'STG'],SLCH018,STG
2040,[-39.46041042 -22.40884022   0.70361397],['INS' 'INS'],SLCH018,INS
2041,[-43.31538492 -22.34029622   1.29723397],['INS' 'INS'],SLCH018,INS
2042,[-47.17035942 -22.27175222   1.89085397],['A1' 'A1'],SLCH018,A1
2043,[-51.02674792 -22.73923522   2.54620047],['A1' 'A1'],SLCH018,A1
2044,[-54.32858192 -23.30526522   2.63288097],['A1' 'A1'],SLCH018,A1
2045,[-57.63348642 -23.23172072   3.22234197],['A1' 'A1'],SLCH018,A1
2046,[-61.48846092 -23.16317672   3.81596197],['STG' 'STG'],SLCH018,STG
2047,[-65.89491942 -23.63566022   4.47546747],['STG' 'STG'],SLCH018,STG
2048,[-69.75130792 -24.10314322   5.13081397],['STG' 'STG'],SLCH018,STG
2049,[-41.14928342 -33.47331372   3.14136147],['A1' 'A1'],SLCH018,A1
2050,[-44.46291442 -34.90430272   4.48050897],['A1' 'A1'],SLCH018,A1
2051,[-47.77654542 -36.33529172   5.81965647],['A1' 'A1'],SLCH018,A1
2052,[-51.09017642 -37.76628072   7.15880397],['A1' 'A1'],SLCH018,A1
2053,[-54.40380742 -39.19726972   8.49795147],['A1' 'A1'],SLCH018,A1
2054,[-57.16595442 -40.08723122   9.77121347],['A1' 'A1'],SLCH018,A1
2055,[-60.47958542 -41.51822022  11.11036097],['STG' 'STG'],SLCH018,STG
2056,[-64.34328642 -42.95420972  12.45366747],['STG' 'STG'],SLCH018,STG
2057,[-67.65691742 -44.38519872  13.79281497],['STG' 'STG'],SLCH018,STG
2058,[-11.10900892  42.05377778 -22.46599653],['OFC' 'OFC'],SLCH018,OFC
2059,[-14.43160892  40.82988378 -19.99783503],['OFC' 'OFC'],SLCH018,OFC
2060,[-17.75420892  39.60598978 -17.52967353],['OFC' 'OFC'],SLCH018,OFC
2061,[-21.07539492  38.91812278 -15.12323853],['OFC' 'OFC'],SLCH018,OFC
2062,[-24.39658092  38.23025578 -12.71680353],['OFC' 'OFC'],SLCH018,OFC
2063,[-28.26925092  37.00136128 -10.24448303],['OFC' 'OFC'],SLCH018,OFC
2064,[-32.14192092  35.77246678  -7.77216253],['OFC' 'OFC'],SLCH018,OFC
2065,[-34.91752142  35.19314778  -4.80537953],['IFG' 'IFG'],SLCH018,VLPFC
2066,[-37.69312192  34.61382878  -1.83859653],['IFG' 'IFG'],SLCH018,VLPFC
2067,[-41.01430792  33.92596178   0.56783847],['IFG' 'IFG'],SLCH018,VLPFC
2068,[-44.88697792  32.69706728   3.04015897],['IFG' 'IFG'],SLCH018,VLPFC
2069,[-48.75964792  31.46817278   5.51247947],['IFG' 'IFG'],SLCH018,VLPFC
2070,[-52.08531842  30.88385328   8.48342147],['IFG' 'IFG'],SLCH018,VLPFC
2071,[-55.41098892  30.29953378  11.45436347],['IFG' 'IFG'],SLCH018,VLPFC
2072,[-58.73665942  29.71521428  14.42530547],['IFG' 'IFG'],SLCH018,VLPFC
2073,[-44.41132392  -9.93641822   3.33461097],['INS' 'INS'],SLCH018,INS
2074,[-48.26629842  -9.86787422   3.92823097],['FOP' 'FOP'],SLCH018,VLPFC
2075,[-52.12434342  -9.15975572   5.02463147],['FOP' 'FOP'],SLCH018,VLPFC
2076,[-55.43231842  -8.44663672   6.11687297],['FOP' 'FOP'],SLCH018,VLPFC
2077,[-59.29177742  -8.27454522   7.27499997],['FOP' 'FOP'],SLCH018,VLPFC
2078,[-63.15123642  -8.10245372   8.43312697],['FOP' 'FOP'],SLCH018,VLPFC
2079,[-66.45921142  -7.38933472   9.52536847],['FOP' 'FOP'],SLCH018,VLPFC
2080,[ -8.88370392 -37.92345872  24.77036347],['PCC' 'PCC'],SLCH018,PCC
2081,[-14.44597442 -45.08194122  30.81841397],['PCC' 'PCC'],SLCH018,PCC
2082,[-23.32918842 -54.63991922  38.89357197],['IPC' 'IPC'],SLCH018,N
2083,[-25.54999192 -57.02941372  40.91236147],['IPC' 'IPC'],SLCH018,N
2084,[-27.77079542 -59.41890822  42.93115097],['IPC' 'IPC'],SLCH018,N
2085,[-29.99018492 -61.27237572  44.88821397],['IPC' 'IPC'],SLCH018,N
2086,[-32.76554292 -63.56332322  47.47566947],['AG' 'AG'],SLCH018,parietal
2087,[-35.53641642 -65.95781822  49.49861797],['AG' 'AG'],SLCH018,parietal
2088,[ 16.84869258  -6.65845922 -21.07426953],['HPC' 'HPC'],SLCH018,HPC
2089,[ 20.70649508  -5.65494922 -21.79134253],['HPC' 'HPC'],SLCH018,HPC
2090,[ 24.01422758  -4.65643972 -22.50425653],['HPC' 'HPC'],SLCH018,HPC
2091,[ 27.32503058  -4.29750472 -23.71995103],['HPC' 'HPC'],SLCH018,HPC
2092,[ 31.18141908  -3.83002172 -24.37529753],['HPC' 'HPC'],SLCH018,HPC
2093,[ 46.06870008  -1.10013122 -28.24499153],['STS' 'STS'],SLCH018,STS
2094,[ 49.37643258  -0.10162172 -28.95790553],['STS' 'STS'],SLCH018,STS
2095,[ 53.23871958   0.79834078 -30.23948553],['MTG' 'MTG'],SLCH018,MTG
2096,[ 31.64680958 -16.08667372 -16.62671703],['AMY' 'AMY'],SLCH018,AMY
2097,[ 35.50768258 -15.72273822 -17.84657053],['AMY' 'AMY'],SLCH018,AMY
2098,[ 50.39354958 -13.52887472 -21.65453803],['STS' 'STS'],SLCH018,STS
2099,[ 54.24993808 -13.06139172 -22.30988453],['STS' 'STS'],SLCH018,STS
2100,[ 58.10325608 -11.95433422 -22.46245053],['MTG' 'MTG'],SLCH018,MTG
2101,[-16.1   -8.2  -16.65],['AMY' 'AMY'],BJH029,AMY
2102,[-19.95  -7.9  -17.3 ],['AMY' 'AMY'],BJH029,AMY
2103,[-23.85  -6.95 -17.45],['AMY' 'AMY'],BJH029,AMY
2104,[-42.7  -4.9 -18.9],['INS' 'INS'],BJH029,INS
2105,[-47.15  -4.45 -18.95],['STS' 'STS'],BJH029,STS
2106,[-51.05  -4.   -19.  ],['STS' 'STS'],BJH029,STS
2107,[-54.4  -3.5 -19.1],['STS' 'STS'],BJH029,STS
2108,[-58.3   -3.05 -19.15],['STS' 'STS'],BJH029,STS
2109,[-17.55 -13.6  -23.85],['HPC' 'HPC'],BJH029,HPC
2110,[-21.45 -13.3  -24.5 ],['HPC' 'HPC'],BJH029,HPC
2111,[-25.35 -13.   -25.1 ],['HPC' 'HPC'],BJH029,HPC
2112,[-28.65 -12.7  -25.7 ],['HPC' 'HPC'],BJH029,HPC
2113,[-32.55 -11.75 -25.9 ],['HPC' 'HPC'],BJH029,HPC
2114,[-36.45 -11.45 -26.55],['HPC' 'HPC'],BJH029,HPC
2115,[-39.75 -11.15 -27.2 ],['FUG' 'FUG'],BJH029,VS
2116,[-26.5 -27.2 -11.3],['HPC' 'HPC'],BJH029,HPC
2117,[-32.55 -27.4  -11.75],['HPC' 'HPC'],BJH029,HPC
2118,[-54.65 -27.1  -11.5 ],['STS' 'STS'],BJH029,STS
2119,[-59.65 -27.1  -11.4 ],['MTG' 'MTG'],BJH029,MTG
2120,[-11.05  21.8  -15.5 ],['OFC' 'OFC'],BJH029,OFC
2121,[-16.55  20.6  -15.7 ],['OFC' 'OFC'],BJH029,OFC
2122,[-22.   19.4 -15.9],['OFC' 'OFC'],BJH029,OFC
2123,[-26.9  18.2 -16.1],['OFC' 'OFC'],BJH029,OFC
2124,[-31.85  17.   -16.3 ],['OFC' 'OFC'],BJH029,OFC
2125,[-37.35  15.45 -15.8 ],['INS' 'INS'],BJH029,INS
2126,[-42.85  13.7  -15.85],['OFC' 'OFC'],BJH029,OFC
2127,[-17.2   9.  -41.7],['TP' 'TP'],BJH029,TP
2128,[-19.5   11.3  -41.05],['TP' 'TP'],BJH029,TP
2129,[-22.9   12.95 -40.8 ],['TP' 'TP'],BJH029,TP
2130,[-26.8   13.75 -39.7 ],['TP' 'TP'],BJH029,TP
2131,[-30.65  13.9  -39.05],['TP' 'TP'],BJH029,TP
2132,[-34.55  14.05 -38.4 ],['TP' 'TP'],BJH029,TP
2133,[-38.45  13.7  -37.65],['TP' 'TP'],BJH029,TP
2134,[-42.3   13.35 -36.85],['TP' 'TP'],BJH029,TP
2135,[-46.15  13.5  -36.2 ],['TP' 'TP'],BJH029,TP
2136,[-19.9 -10.3 -39.6],['EC' 'EC'],BJH029,EC
2137,[-23.8 -10.2 -40.8],['EC' 'EC'],BJH029,EC
2138,[-27.65 -10.4  -41.3 ],['EC' 'EC'],BJH029,EC
2139,[-30.95  -9.9  -41.4 ],['PRH' 'PRH'],BJH029,PRH
2140,[-34.85  -9.4  -41.45],['PRH' 'PRH'],BJH029,PRH
2141,[ -4.85 -27.05   2.55],['THAL' 'THAL'],BJH029,THAL
2142,[ -8.75 -27.1    2.65],['THAL' 'THAL'],BJH029,THAL
2143,[-13.2  -26.95   3.3 ],['THAL' 'THAL'],BJH029,THAL
2144,[-17.65 -26.3    3.8 ],['THAL' 'THAL'],BJH029,THAL
2145,[-35.4  -24.25   6.05],['INS' 'INS'],BJH029,INS
2146,[-39.8  -24.3    6.15],['A1' 'A1'],BJH029,A1
2147,[-44.25 -23.8    6.1 ],['A1' 'A1'],BJH029,A1
2148,[-48.15 -23.15   6.6 ],['A1' 'A1'],BJH029,A1
2149,[-52.05 -22.35   7.7 ],['A1' 'A1'],BJH029,A1
2150,[-56.5 -21.4   7.5],['STG' 'STG'],BJH029,STG
2151,[-60.9  -20.95   7.45],['STG' 'STG'],BJH029,STG
2152,[-65.35 -20.8    8.15],['STG' 'STG'],BJH029,STG
2153,[-22.15 -23.95 -24.1 ],['EC' 'EC'],BJH029,EC
2154,[-26.05 -23.2  -24.85],['EC' 'EC'],BJH029,EC
2155,[-29.95 -22.9  -25.45],['EC' 'EC'],BJH029,EC
2156,[-33.85 -22.9  -25.4 ],['PHC' 'PHC'],BJH029,PHC
2157,[-37.15 -22.9  -25.35],['PHC' 'PHC'],BJH029,PHC
2158,[-41.   -22.75 -24.7 ],['FUG' 'FUG'],BJH029,VS
2159,[-45.45 -22.3  -24.75],['FUG' 'FUG'],BJH029,VS
2160,[-57.05 -22.1  -25.2 ],['ITS' 'ITS'],BJH029,VS
2161,[-60.9  -22.45 -24.45],['MTG' 'MTG'],BJH029,MTG
2162,[-24.8  -42.85 -13.35],['PHC' 'PHC'],BJH029,PHC
2163,[-28.7 -42.7 -12.7],['PHC' 'PHC'],BJH029,PHC
2164,[-32.05 -42.7  -12.65],['PHC' 'PHC'],BJH029,PHC
2165,[-35.9  -42.75 -12.55],['PHC' 'PHC'],BJH029,PHC
2166,[-40.3 -42.6 -11.9],['FUG' 'FUG'],BJH029,VS
2167,[-44.15 -42.6  -11.85],['FUG' 'FUG'],BJH029,VS
2168,[-48.05 -42.65 -11.75],['FUG' 'FUG'],BJH029,VS
2169,[-51.95 -42.35 -10.5 ],['ITS' 'ITS'],BJH029,VS
2170,[-55.25 -41.9  -10.6 ],['ITS' 'ITS'],BJH029,VS
2171,[-59.1  -41.6  -11.25],['MTG' 'MTG'],BJH029,MTG
2172,[-63.5  -41.95 -10.45],['MTG' 'MTG'],BJH029,MTG
2173,[ -7.75 -72.25  -4.5 ],['LG' 'LG'],BJH029,VS
2174,[-11.1 -71.6  -4. ],['LG' 'LG'],BJH029,VS
2175,[-14.45 -70.6   -4.2 ],['LG' 'LG'],BJH029,VS
2176,[-18.35 -69.65  -4.4 ],['LG' 'LG'],BJH029,VS
2177,[-22.25 -68.7   -4.6 ],['LG' 'LG'],BJH029,VS
2178,[-26.15 -67.7   -4.8 ],['FUG' 'FUG'],BJH029,VS
2179,[-30.05 -66.9   -5.55],['FUG' 'FUG'],BJH029,VS
2180,[-33.4  -65.95  -5.75],['FUG' 'FUG'],BJH029,VS
2181,[-37.3 -65.5  -5.8],['FUG' 'FUG'],BJH029,VS
2182,[-41.15 -65.2   -6.4 ],['FUG' 'FUG'],BJH029,VS
2183,[-44.5 -64.7  -6.5],['FUG' 'FUG'],BJH029,VS
2184,[-48.4  -64.25  -6.55],['FUG' 'FUG'],BJH029,VS
2185,[-52.8 -63.8  -6.6],['ITG' 'ITG'],BJH029,VS
2186,[ -3.45 -52.65  19.35],['PCC' 'PCC'],BJH029,PCC
2187,[ -6.8  -51.9   18.55],['PCC' 'PCC'],BJH029,PCC
2188,[-11.2  -51.75  17.35],['PCC' 'PCC'],BJH029,PCC
2189,[-15.6  -51.75  17.45],['PCC' 'PCC'],BJH029,PCC
2190,[-41.65 -50.95  17.7 ],['TPJ' 'TPJ'],BJH029,parietal
2191,[-63.25 -49.6   17.7 ],['TPJ' 'TPJ'],BJH029,parietal
2192,[ -2.15 -41.4   42.35],['PCC' 'PCC'],BJH029,PCC
2193,[ -6.   -41.45  42.45],['PCC' 'PCC'],BJH029,PCC
2194,[-10.45 -41.    42.4 ],['PCC' 'PCC'],BJH029,PCC
2195,[-14.9  -41.    42.45],['PCC' 'PCC'],BJH029,PCC
2196,[-28.1  -41.1   42.75],['IPS' 'IPS'],BJH029,parietal
2197,[-32.5  -41.3   42.25],['IPS' 'IPS'],BJH029,parietal
2198,[-36.95 -41.55  41.75],['IPS' 'IPS'],BJH029,parietal
2199,[-41.4  -41.6   41.85],['IPS' 'IPS'],BJH029,parietal
2200,[-45.8  -41.6   41.95],['IPS' 'IPS'],BJH029,parietal
2201,[-50.2  -41.6   42.05],['SMG' 'SMG'],BJH029,parietal
2202,[-54.65 -41.15  42.  ],['SMG' 'SMG'],BJH029,parietal
2203,[-59.1  -41.2   42.05],['SMG' 'SMG'],BJH029,parietal
2204,[-63.5  -41.7   42.25],['SMG' 'SMG'],BJH029,parietal
2205,[-7.3  -5.55  6.1 ],['THAL' 'THAL'],BJH029,THAL
2206,[-11.15  -5.4    6.75],['THAL' 'THAL'],BJH029,THAL
2207,[-34.45  -3.6   10.4 ],['INS' 'INS'],BJH029,INS
2208,[-38.3   -3.45  11.05],['INS' 'INS'],BJH029,INS
2209,[-42.15  -3.3   11.7 ],['INS' 'INS'],BJH029,INS
2210,[-45.5   -3.15  12.3 ],['INS' 'INS'],BJH029,INS
2211,[-49.4   -3.    12.95],['INS' 'INS'],BJH029,INS
2212,[-53.25  -2.5   12.9 ],['FOP' 'FOP'],BJH029,VLPFC
2213,[-57.15  -1.85  13.45],['FOP' 'FOP'],BJH029,VLPFC
2214,[-61.6   -1.75  14.1 ],['FOP' 'FOP'],BJH029,VLPFC
2215,[ 15.35  -5.7  -24.05],['AMY' 'AMY'],BJH029,AMY
2216,[ 18.65  -5.35 -22.95],['AMY' 'AMY'],BJH029,AMY
2217,[ 21.95  -5.   -21.85],['AMY' 'AMY'],BJH029,AMY
2218,[ 25.25  -4.1  -20.9 ],['AMY' 'AMY'],BJH029,AMY
2219,[ 29.1   -3.05 -19.4 ],['AMY' 'AMY'],BJH029,AMY
2220,[ 32.95  -2.   -17.9 ],['AMY' 'AMY'],BJH029,AMY
2221,[ 36.25  -1.15 -16.95],['AMY' 'AMY'],BJH029,AMY
2222,[ 39.55  -0.65 -15.3 ],['INS' 'INS'],BJH029,INS
2223,[ 43.35   0.6  -13.2 ],['INS' 'INS'],BJH029,INS
2224,[ 47.15   1.65 -11.65],['INS' 'INS'],BJH029,INS
2225,[ 50.45   2.15 -10.  ],['TP' 'TP'],BJH029,TP
2226,[53.75  3.2  -8.5 ],['STG' 'STG'],BJH029,STG
2227,[57.05  4.25 -7.  ],['STG' 'STG'],BJH029,STG
2228,[ 21.6  -10.95 -20.25],['HPC' 'HPC'],BJH029,HPC
2229,[ 24.9  -10.95 -20.3 ],['HPC' 'HPC'],BJH029,HPC
2230,[ 28.8 -11.6 -20.8],['HPC' 'HPC'],BJH029,HPC
2231,[ 32.7  -12.05 -20.75],['HPC' 'HPC'],BJH029,HPC
2232,[ 56.   -13.35 -22.7 ],['ITS' 'ITS'],BJH029,VS
2233,[ 59.85 -13.35 -22.75],['MTG' 'MTG'],BJH029,MTG
2234,[ 25.55  -2.3  -24.95],['AMY' 'AMY'],DA037,AMY
2235,[ 51.3   -3.55 -25.55],['MTG' 'MTG'],DA037,MTG
2236,[ 56.35  -3.65 -25.65],['MTG' 'MTG'],DA037,MTG
2237,[ 54.75 -13.85 -20.2 ],['MTG' 'MTG'],DA037,MTG
2238,[ 59.75 -13.85 -20.4 ],['MTG' 'MTG'],DA037,MTG
2239,[ 39.25 -39.65 -13.6 ],['PHG' 'PHG'],DA037,PHC
2240,[ 59.   -40.85  -7.95],['ITS' 'ITS'],DA037,VS
2241,[ 63.85 -41.    -6.55],['ITS' 'ITS'],DA037,VS
2242,[ 68.85 -41.15  -5.  ],['MTG' 'MTG'],DA037,MTG
2243,[ 52.75 -12.5    0.95],['A1' 'A1'],DA037,A1
2244,[ 56.35 -12.75   0.95],['A1' 'A1'],DA037,A1
2245,[ 60.  -12.9   1. ],['STG' 'STG'],DA037,STG
2246,[ 63.65 -13.05   1.  ],['STG' 'STG'],DA037,STG
2247,[ 67.35 -13.2    1.05],['STG' 'STG'],DA037,STG
2248,[ 49.3  -29.15  11.85],['STG' 'STG'],DA037,STG
2249,[ 52.75 -29.35  13.15],['STG' 'STG'],DA037,STG
2250,[ 56.15 -29.6   14.6 ],['STG' 'STG'],DA037,STG
2251,[ 59.5  -29.8   16.05],['STG' 'STG'],DA037,STG
2252,[ 62.9  -30.    17.35],['STG' 'STG'],DA037,STG
2253,[ 66.25 -30.2   18.75],['STG' 'STG'],DA037,STG
2254,[ 52.95 -43.4   12.4 ],['MTG' 'MTG'],DA037,MTG
2255,[ 56.45 -43.25  13.35],['MTG' 'MTG'],DA037,MTG
2256,[ 60.   -43.1   14.35],['MTG' 'MTG'],DA037,MTG
2257,[ 63.6 -42.9  15.2],['MTG' 'MTG'],DA037,MTG
2258,[ 67.25 -42.9   16.2 ],['MTG' 'MTG'],DA037,MTG
2259,[ 33.85 -15.25  11.55],['INS' 'INS'],DA037,INS
2260,[ 32.8  -15.8   16.05],['INS' 'INS'],DA037,INS
2261,[ 22.45 -22.1   61.35],['PreCG' 'PreCG'],DA037,M1
2262,[ 21.1  -22.95  67.2 ],['PreCG' 'PreCG'],DA037,M1
2263,[ 19.8  -23.8   73.25],['PreCG' 'PreCG'],DA037,M1
2264,[  7.85 -33.4   33.2 ],['PCC' 'PCC'],DA037,PCC
2265,[ 11.3  -33.55  33.15],['PCC' 'PCC'],DA037,PCC
2266,[ 54.4 -35.5  32.8],['SMG' 'SMG'],DA037,parietal
2267,[ 58.15 -35.7   32.75],['SMG' 'SMG'],DA037,parietal
2268,[ 61.8  -35.95  32.7 ],['SMG' 'SMG'],DA037,parietal
2269,[ 65.3 -36.1  32.7],['SMG' 'SMG'],DA037,parietal
2270,[ 24.98222167  -6.27240505 -17.39287655],['AMY' 'AMY'],BJH058,AMY
2271,[ 28.47235167  -6.46595505 -17.25735306],['AMY' 'AMY'],BJH058,AMY
2272,[ 31.96098417  -6.16483608 -17.24392304],['AMY' 'AMY'],BJH058,AMY
2273,[ 35.44961667  -5.86371711 -17.23049303],['AMY' 'AMY'],BJH058,AMY
2274,[ 38.93974667  -6.05726711 -17.09496953],['INS' 'INS'],BJH058,INS
2275,[ 42.45305867  -6.38481761 -17.51278454],['STS' 'STS'],BJH058,STS
2276,[ 45.96487317  -6.21769915 -18.05269302],['STS' 'STS'],BJH058,STS
2277,[ 49.45350567  -5.91658018 -18.03926301],['STS' 'STS'],BJH058,STS
2278,[ 52.94363567  -6.11013018 -17.90373951],['STS' 'STS'],BJH058,STS
2279,[ 56.43376567  -6.30368018 -17.76821602],['MTG' 'MTG'],BJH058,MTG
2280,[ 59.92239817  -6.00256121 -17.754786  ],['MTG' 'MTG'],BJH058,MTG
2281,[ 59.43961967 -33.76904112  -9.15480239],['MTG' 'MTG'],BJH058,MTG
2282,[ 62.41247017 -35.28494753  -8.11902044],['MTG' 'MTG'],BJH058,MTG
2283,[ 65.40850267 -36.93485445  -7.63657699],['MTG' 'MTG'],BJH058,MTG
2284,[ 68.38135317 -38.45076086  -6.60079504],['MTG' 'MTG'],BJH058,MTG
2285,[-10.76629333  35.61492989 -22.75737883],['OFC' 'OFC'],BJH058,OFC
2286,[ -7.27616333  35.42137989 -22.62185533],['OFC' 'OFC'],BJH058,OFC
2287,[ -3.80921533  35.36183039 -21.93299334],['OFC' 'OFC'],BJH058,OFC
2288,[ -0.34226733  35.3022809  -21.24413134],['OFC' 'OFC'],BJH058,OFC
2289,[  3.14786267  35.1087309  -21.10860784],['OFC' 'OFC'],BJH058,OFC
2290,[  6.63799267  34.9151809  -20.97308435],['OFC' 'OFC'],BJH058,OFC
2291,[ 10.10494067  34.85563141 -20.28422235],['OFC' 'OFC'],BJH058,OFC
2292,[ 13.57188867  34.79608191 -19.59536036],['OFC' 'OFC'],BJH058,OFC
2293,[ 17.06201867  34.60253191 -19.45983686],['OFC' 'OFC'],BJH058,OFC
2294,[ 20.53046417  34.04831345 -18.64888138],['OFC' 'OFC'],BJH058,OFC
2295,[ 23.99890967  33.49409498 -17.8379259 ],['OFC' 'OFC'],BJH058,OFC
2296,[ 27.48903967  33.30054498 -17.7024024 ],['OFC' 'OFC'],BJH058,OFC
2297,[ 30.97916967  33.10699498 -17.56687891],['OFC' 'OFC'],BJH058,OFC
2298,[ 34.44611767  33.04744548 -16.87801691],['OFC' 'OFC'],BJH058,OFC
2299,[ 37.91306567  32.98789599 -16.18915492],['OFC' 'OFC'],BJH058,OFC
2300,[ 41.40319567  32.79434599 -16.05363142],['IFG' 'IFG'],BJH058,VLPFC
2301,[ 44.89332567  32.60079599 -15.91810792],['IFG' 'IFG'],BJH058,VLPFC
2302,[-4.11872982 17.22441064 -8.0737445 ],['ACC' 'ACC'],BJH058,ACC
2303,[-0.67646132 17.79353063 -6.95363749],['ACC' 'ACC'],BJH058,ACC
2304,[ 2.76580718 18.36265061 -5.83353048],['ACC' 'ACC'],BJH058,ACC
2305,[32.34467918 22.53700949  2.09809059],['INS' 'INS'],BJH058,INS
2306,[35.78694769 23.10612947  3.2181976 ],['INS' 'INS'],BJH058,INS
2307,[39.22921619 23.67524946  4.33830461],['INS' 'INS'],BJH058,INS
2308,[42.67148469 24.24436945  5.45841161],['IFG' 'IFG'],BJH058,VLPFC
2309,[46.11375319 24.81348943  6.57851862],['IFG' 'IFG'],BJH058,VLPFC
2310,[ 6.89352419 -6.05231426 11.44719364],['ANT' 'ANT'],BJH058,N
2311,[18.78115319 -3.34589891 12.83930022],['ANT' 'ANT'],BJH058,N
2312,[30.17168969 -1.10650253 14.33413978],['PUT' 'PUT'],BJH058,N
2313,[33.63714019 -0.67138305 14.90090829],['INS' 'INS'],BJH058,INS
2314,[37.10109319  0.2584054  15.34558332],['INS' 'INS'],BJH058,INS
2315,[40.06645619  1.21584385 15.77089784],['PreCG' 'PreCG'],BJH058,M1
2316,[43.53040919  2.14563231 16.21557287],['PreCG' 'PreCG'],BJH058,M1
2317,[46.99436219  3.07542076 16.66024789],['PreCG' 'PreCG'],BJH058,M1
2318,[50.45831519  4.00520921 17.10492292],['PreCG' 'PreCG'],BJH058,M1
2319,[53.94694769  4.30632818 17.11835293],['PreCG' 'PreCG'],BJH058,M1
2320,[56.91380819  4.76909766 17.66576094],['PreCG' 'PreCG'],BJH058,M1
2321,[60.37776119  5.69888611 18.11043597],['PreCG' 'PreCG'],BJH058,M1
2322,[  7.95824518 -20.04469333   1.42582534],['PULV' 'PULV'],BJH058,N
2323,[ 11.40051368 -19.47557334   2.54593235],['PULV' 'PULV'],BJH058,N
2324,[ 24.66950018 -16.67677442   6.8849064 ],['PULV' 'PULV'],BJH058,N
2325,[ 37.43989669 -13.85032551  11.20451995],['INS' 'INS'],BJH058,INS
2326,[ 40.38357519 -13.25355552  12.30526646],['INS' 'INS'],BJH058,INS
2327,[ 43.82434619 -12.18976656  13.30327998],['PostCG' 'PostCG'],BJH058,S1
2328,[ 47.26661469 -11.62064657  14.42338699],['PostCG' 'PostCG'],BJH058,S1
2329,[ 50.21029319 -11.02387659  15.5241335 ],['PostCG' 'PostCG'],BJH058,S1
2330,[53.65106419 -9.96008763 16.52214703],['PostCG' 'PostCG'],BJH058,S1
2331,[57.09333269 -9.39096764 17.64225403],['PostCG' 'PostCG'],BJH058,S1
2332,[60.03701119 -8.79419766 18.74300054],['PostCG' 'PostCG'],BJH058,S1
2333,[ 5.9331822  40.32389769 21.11152688],['SFG' 'SFG'],BJH058,premotor
2334,[ 9.4218147  40.62501666 21.12495689],['SFG' 'SFG'],BJH058,premotor
2335,[23.3778422  41.33482358 21.30077043],['SFS' 'SFS'],BJH058,DLPFC
2336,[26.8664747  41.63594255 21.31420044],['SFS' 'SFS'],BJH058,DLPFC
2337,[30.3566047  41.44239255 21.44972393],['SFS' 'SFS'],BJH058,DLPFC
2338,[33.8452372  41.74351152 21.46315395],['MFG' 'MFG'],BJH058,DLPFC
2339,[37.3338697  42.04463049 21.47658396],['MFG' 'MFG'],BJH058,DLPFC
2340,[40.8225022  42.34574946 21.49001397],['MFG' 'MFG'],BJH058,DLPFC
2341,[ 6.58197121 19.92583409 36.72664113],['ACC' 'ACC'],BJH058,ACC
2342,[10.07060371 20.22695306 36.74007114],['ACC' 'ACC'],BJH058,ACC
2343,[13.55923621 20.52807203 36.75350116],['ACC' 'ACC'],BJH058,ACC
2344,[17.04637121 21.32385997 36.64483768],['ACC' 'ACC'],BJH058,ACC
2345,[20.53500371 21.62497895 36.6582677 ],['SFS' 'SFS'],BJH058,DLPFC
2346,[30.50231121 22.55598586 36.67919723],['MFG' 'MFG'],BJH058,DLPFC
2347,[33.99094371 22.85710483 36.69262725],['MFG' 'MFG'],BJH058,DLPFC
2348,[37.47957621 23.15822381 36.70605726],['MFG' 'MFG'],BJH058,DLPFC
2349,[40.96820871 23.45934278 36.71948727],['MFG' 'MFG'],BJH058,DLPFC
2350,[44.45684121 23.76046175 36.73291728],['MFG' 'MFG'],BJH058,DLPFC
2351,[47.96865571 23.92758021 36.1930088 ],['MFG' 'MFG'],BJH058,DLPFC
2352,[ 6.58280771 -2.9216061  44.1250504 ],['MCC' 'MCC'],BJH058,ACC
2353,[10.09611971 -3.24915661 43.70723539],['MCC' 'MCC'],BJH058,ACC
2354,[13.58624971 -3.44270661 43.84275889],['MCC' 'MCC'],BJH058,ACC
2355,[20.56650971 -3.82980661 44.11380589],['MCC' 'MCC'],BJH058,ACC
2356,[27.54676971 -4.21690661 44.38485288],['SFS' 'SFS'],BJH058,DLPFC
2357,[31.03689971 -4.41045661 44.52037638],['PreCG' 'PreCG'],BJH058,M1
2358,[34.52702971 -4.60400661 44.65589987],['PreCG' 'PreCG'],BJH058,M1
2359,[38.01715971 -4.79755661 44.79142337],['PreCG' 'PreCG'],BJH058,M1
2360,[41.50579221 -4.49643764 44.80485338],['PreCG' 'PreCG'],BJH058,M1
2361,[44.99442471 -4.19531867 44.81828339],['PreCG' 'PreCG'],BJH058,M1
2362,[48.50773671 -4.52286918 44.40046839],['PreCG' 'PreCG'],BJH058,M1
2363,[52.02104871 -4.85041969 43.98265339],['PreCG' 'PreCG'],BJH058,M1
2364,[  7.20485371 -21.15934063  46.87976084],['PostCG' 'PostCG'],BJH058,S1
2365,[ 27.73677671 -21.83965472  45.21600036],['SMG' 'SMG'],BJH058,parietal
2366,[ 31.25008871 -22.16720523  44.79818536],['SMG' 'SMG'],BJH058,parietal
2367,[ 34.76340071 -22.49475574  44.38037036],['PostCG' 'PostCG'],BJH058,S1
2368,[ 38.25353071 -22.68830574  44.51589386],['PostCG' 'PostCG'],BJH058,S1
2369,[ 41.76684271 -23.01585624  44.09807885],['PostCG' 'PostCG'],BJH058,S1
2370,[ 45.27865721 -22.84873778  43.55817037],['PostCG' 'PostCG'],BJH058,S1
2371,[ 48.76728971 -22.54761881  43.57160038],['SMG' 'SMG'],BJH058,parietal
2372,[ 52.28060171 -22.87516932  43.15378538],['SMG' 'SMG'],BJH058,parietal
2373,[ 4.96564522 13.83976884 54.62326777],['SFG' 'SFG'],BJH058,premotor
2374,[ 8.45727272 13.15154987 54.88088475],['SFG' 'SFG'],BJH058,premotor
2375,[11.94890022 12.4633309  55.13850173],['SFG' 'SFG'],BJH058,premotor
2376,[15.44052772 11.77511192 55.39611872],['SFG' 'SFG'],BJH058,premotor
2377,[18.95533722 10.95289244 55.1003972 ],['SFG' 'SFG'],BJH058,premotor
2378,[22.47164422  9.63600399 54.92676917],['SFG' 'SFG'],BJH058,premotor
2379,[25.96327172  8.94778502 55.18438615],['SFS' 'SFS'],BJH058,DLPFC
2380,[29.45489922  8.25956604 55.44200313],['MFG' 'MFG'],BJH058,DLPFC
2381,[32.44793672  7.59899707 55.68025961],['MFG ' 'MFG '],BJH058,N
2382,[35.93956422  6.9107781  55.93787659],['MFG ' 'MFG '],BJH058,N
2383,[ 6.23863872 -2.93792705 65.83887017],['SFG' 'SFG'],BJH058,premotor
2384,[ 9.75195072 -3.26547756 65.42105517],['SFG' 'SFG'],BJH058,premotor
2385,[13.26676022 -4.08769704 65.12533366],['SFG' 'SFG'],BJH058,premotor
2386,[16.28297972 -4.88226652 64.81025164],['SFG' 'SFG'],BJH058,premotor
2387,[19.79629172 -5.20981703 64.39243664],['SFG' 'SFG'],BJH058,premotor
2388,[23.30960372 -5.53736754 63.97462164],['SFG' 'SFG'],BJH058,premotor
2389,[26.82291572 -5.86491805 63.55680663],['SFG' 'SFG'],BJH058,premotor
2390,[30.31304572 -6.05846805 63.69233013],['PreCG' 'PreCG'],BJH058,M1
2391,[  5.66029072 -20.85604229  60.85372471],['SFG' 'SFG'],BJH058,premotor
2392,[  9.12723872 -20.91559178  61.5425867 ],['PreCG' 'PreCG'],BJH058,M1
2393,[ 12.59418672 -20.97514128  62.2314487 ],['PreCG' 'PreCG'],BJH058,M1
2394,[ 16.08431672 -21.16869128  62.36697219],['PreCG' 'PreCG'],BJH058,M1
2395,[ 19.57444672 -21.36224128  62.50249569],['PreCG' 'PreCG'],BJH058,M1
2396,[ 23.06307922 -21.06112231  62.5159257 ],['PreCG' 'PreCG'],BJH058,M1
2397,[ 26.52852972 -20.62600283  63.08269421],['PreCG' 'PreCG'],BJH058,M1
2398,[ 29.99547772 -20.68555232  63.77155621],['PreCG' 'PreCG'],BJH058,M1
2399,[ 33.48560772 -20.87910232  63.9070797 ],['PostCG' 'PostCG'],BJH058,S1
2400,[ 36.97573772 -21.07265232  64.0426032 ],['PostCG' 'PostCG'],BJH058,S1
2401,[ 40.46586772 -21.26620232  64.1781267 ],['PostCG' 'PostCG'],BJH058,S1
2402,[  5.54237571 -33.72111729  55.22034339],['PostCG' 'PostCG'],BJH058,S1
2403,[  9.05568771 -34.0486678   54.80252839],['PostCG' 'PostCG'],BJH058,S1
2404,[ 12.54581771 -34.2422178   54.93805189],['PostCG' 'PostCG'],BJH058,S1
2405,[ 16.03445021 -33.94109883  54.9514819 ],['PostCG' 'PostCG'],BJH058,S1
2406,[ 19.52308271 -33.63997986  54.96491191],['PostCG' 'PostCG'],BJH058,S1
2407,[ 23.01321271 -33.83352986  55.10043541],['PostCG' 'PostCG'],BJH058,S1
2408,[ 26.00475271 -33.99942986  55.21659841],['PostCG' 'PostCG'],BJH058,S1
2409,[ 29.49338521 -33.69831089  55.23002842],['PostCG' 'PostCG'],BJH058,S1
2410,[ 32.98201771 -33.39719192  55.24345843],['PostCG' 'PostCG'],BJH058,S1
2411,[ 36.47214771 -33.59074192  55.37898193],['PostCG' 'PostCG'],BJH058,S1
2412,[ 39.98396221 -33.42362345  54.83907344],['PostCG' 'PostCG'],BJH058,S1
2413,[ 43.49577671 -33.25650499  54.29916496],['SMG' 'SMG'],BJH058,parietal
2414,[ 46.98590671 -33.45005499  54.43468845],['SMG' 'SMG'],BJH058,parietal
2415,[ 50.47603671 -33.64360499  54.57021195],['SMG' 'SMG'],BJH058,parietal
2416,[-6.50111029 45.15151476 31.3473644 ],['SFG' 'SFG'],BJH058,premotor
2417,[-9.99124029 45.34506476 31.2118409 ],['SFG' 'SFG'],BJH058,premotor
2418,[-13.48137029  45.53861476  31.07631741],['SFG' 'SFG'],BJH058,premotor
2419,[-16.97150029  45.73216476  30.94079391],['SFG' 'SFG'],BJH058,premotor
2420,[-20.46163029  45.92571476  30.80527041],['SFG' 'SFG'],BJH058,premotor
2421,[-23.95176029  46.11926476  30.66974692],['SFS' 'SFS'],BJH058,DLPFC
2422,[-27.44189029  46.31281476  30.53422342],['MFG' 'MFG'],BJH058,DLPFC
2423,[-30.93351779  47.00103373  30.27660644],['MFG' 'MFG'],BJH058,DLPFC
2424,[-34.42514529  47.68925271  30.01898946],['MFG' 'MFG'],BJH058,DLPFC
2425,[ -5.05988928 -12.99935954  64.51541738],['SFG' 'SFG'],BJH058,premotor
2426,[ -8.55001928 -12.80580954  64.37989389],['SFG' 'SFG'],BJH058,premotor
2427,[-12.04014928 -12.61225954  64.24437039],['SFG' 'SFG'],BJH058,premotor
2428,[-15.50859478 -12.05804108  63.43341491],['SFG' 'SFG'],BJH058,premotor
2429,[-18.97704028 -11.50382261  62.62245943],['SFG' 'SFG'],BJH058,premotor
2430,[-22.46717028 -11.31027261  62.48693593],['SFG' 'SFG'],BJH058,premotor
2431,[-25.95730028 -11.11672261  62.35141244],['SFG' 'SFG'],BJH058,premotor
2432,[-29.44892778 -10.42850364  62.09379546],['SFG' 'SFG'],BJH058,premotor
2433,[-32.94055528  -9.74028466  61.83617848],['PreCG' 'PreCG'],BJH058,M1
2434,[-36.43068528  -9.54673466  61.70065498],['PreCG' 'PreCG'],BJH058,M1
2435,[-39.92081528  -9.35318466  61.56513148],['PreCG' 'PreCG'],BJH058,M1
2436,[-28771.77979927   3975.30094698 -40417.58453042],['TP' 'TP'],SLCH024,TP
2437,[-32175.21979887   4468.32195157 -39433.60853161],['TP' 'TP'],SLCH024,TP
2438,[-35578.65979848   4961.34295617 -38449.63253281],['TP' 'TP'],SLCH024,TP
2439,[-39540.71879813   5486.32396025 -37490.00353389],['TP' 'TP'],SLCH024,TP
2440,[-43476.9147981    5860.67446052 -37095.40353404],['TP' 'TP'],SLCH024,TP
2441,[-47413.11079807   6235.02496078 -36700.8035342 ],['TP' 'TP'],SLCH024,TP
2442,[-51933.78879777   6791.96596436 -35765.52153517],['TP' 'TP'],SLCH024,TP
2443,[-22490.81540627  -5106.24389782 -25348.22680699],['AMY' 'AMY'],SLCH024,AMY
2444,[-26331.95590191  -4520.22634293 -26208.15831592],['AMY' 'AMY'],SLCH024,AMY
2445,[-44264.56886546   -265.90488448 -31397.57139173],['MTG' 'MTG'],SLCH024,MTG
2446,[-48105.7093611     320.1126704  -32257.50290066],['MTG' 'MTG'],SLCH024,MTG
2447,[-47773.06701513 -15676.53725838 -28325.78307151],['ITS' 'ITS'],SLCH024,VS
2448,[-51683.40001542 -15452.81726194 -28496.21207073],['ITS' 'ITS'],SLCH024,VS
2449,[-55593.73301572 -15229.09726549 -28666.64106996],['MTG' 'MTG'],SLCH024,MTG
2450,[-59478.20301633 -15156.00777287 -29402.09906826],['MTG' 'MTG'],SLCH024,MTG
2451,[-64431.08815098 -27066.7759621  -17587.4877839 ],['MTG' 'MTG'],SLCH024,MTG
2452,[-68298.0916463  -26330.12790339 -17882.39029376],['MTG' 'MTG'],SLCH024,MTG
2453,[-47915.80741962  -1835.32306989 -11230.84678372],['STG' 'STG'],SLCH024,STG
2454,[-51782.81091494  -1098.67501118 -11525.74929358],['STG' 'STG'],SLCH024,STG
2455,[-55649.81441026   -362.02695247 -11820.65180343],['STG' 'STG'],SLCH024,STG
2456,[-59490.95490591    223.99060242 -12680.58331236],['STG' 'STG'],SLCH024,STG
2457,[-55147.84509246 -18715.05273524  -4292.59891525],['STG' 'STG'],SLCH024,STG
2458,[-58551.28509207 -18222.03173065  -3308.62291645],['STG' 'STG'],SLCH024,STG
2459,[-38900.41825825 -36273.54381317   4108.77843702],['A1' 'A1'],SLCH024,A1
2460,[-42784.88825887 -36200.45432055   3373.32043872],['A1' 'A1'],SLCH024,A1
2461,[-46669.35825948 -36127.36482793   2637.86244042],['A1' 'A1'],SLCH024,A1
2462,[-50553.8282601  -36054.2753353    1902.40444212],['STG' 'STG'],SLCH024,STG
2463,[-54438.29826072 -35981.18584268   1166.94644382],['STG' 'STG'],SLCH024,STG
2464,[-57738.28626162 -36090.68685338   -109.19355366],['STG' 'STG'],SLCH024,STG
2465,[-61622.75626223 -36017.59736075   -844.65155196],['STG' 'STG'],SLCH024,STG
2466,[-32459.40223542 -36980.07702238  -9390.25960653],['PHC' 'PHC'],SLCH024,PHC
2467,[-57116.48635459 -47044.24751522  -4035.29535236],['MTG' 'MTG'],SLCH024,MTG
2468,[-60667.38137441 -48753.56926352  -3118.45431011],['MTG' 'MTG'],SLCH024,MTG
2469,[-64174.94688926 -49949.96294955  -2326.08677849],['MTG' 'MTG'],SLCH024,MTG
2470,[-58779.54141402 -52984.83375963  -2025.27822553],['MTG' 'MTG'],SLCH024,MTG
2471,[-62252.84743481 -55146.0470194   -2803.5241805 ],['MTG' 'MTG'],SLCH024,MTG
2472,[-46608.40696926 -56503.54545756  14867.95938588],['TPJ' 'TPJ'],SLCH024,parietal
2473,[-50038.38348508 -58151.83065506  13965.23992028],['TPJ' 'TPJ'],SLCH024,parietal
2474,[-53468.36000089 -59800.11585255  13062.52045469],['TPJ' 'TPJ'],SLCH024,parietal
2475,[-57456.95551675 -61416.44105056  12135.4539892 ],['TPJ' 'TPJ'],SLCH024,parietal
2476,[-31522.84227645   9407.68772729 -26762.66808505],['OFC' 'OFC'],SLCH024,OFC
2477,[-30569.17876881  11061.73982115 -22318.21560332],['OFC' 'OFC'],SLCH024,OFC
2478,[-30199.99726089  12898.38241832 -17333.08112241],['OFC' 'OFC'],SLCH024,OFC
2479,[-30389.43475301  14766.98501498 -12372.29364138],['INS' 'INS'],SLCH024,INS
2480,[-30578.87224513  16635.58761164  -7411.50616036],['INS' 'INS'],SLCH024,INS
2481,[-30209.69073721  18472.23020881  -2426.37167944],['INS' 'INS'],SLCH024,INS
2482,[-29883.83873426  19795.94474372   2683.2363121 ],['INS' 'INS'],SLCH024,INS
2483,[-30099.13922606  21815.1778442    8209.0527922 ],['INS' 'INS'],SLCH024,INS
2484,[-31081.25969726  29831.07369533  32131.87922043],['SFS' 'SFS'],SLCH024,DLPFC
2485,[-31270.69718939  31699.676292    37092.66670146],['SFS' 'SFS'],SLCH024,DLPFC
2486,[-31485.99768118  33718.90939248  42618.48318156],['SFS' 'SFS'],SLCH024,DLPFC
2487,[-37775.35344198  -5968.62034803 -15944.99673392],['INS' 'INS'],SLCH024,INS
2488,[-37466.96794433  -5308.46437922 -11275.94423083],['INS' 'INS'],SLCH024,INS
2489,[-37158.58244667  -4648.3084104   -6606.89172773],['INS' 'INS'],SLCH024,INS
2490,[-36317.44094866  -3869.48193726  -1348.46322567],['INS' 'INS'],SLCH024,INS
2491,[-36034.91845068  -3058.69546463   3885.61827651],['INS' 'INS'],SLCH024,INS
2492,[-35752.39595271  -2247.90899199   9119.69977868],['INS' 'INS'],SLCH024,INS
2493,[-33679.68296255   3639.26337107  44503.7387851 ],['SFS' 'SFS'],SLCH024,DLPFC
2494,[-33353.83095961   4962.97790598  49613.34677665],['SFS' 'SFS'],SLCH024,DLPFC
2495,[-33071.30846163   5773.76437861  54847.42827882],['SFS' 'SFS'],SLCH024,DLPFC
2496,[ 27.00815475  -8.69665428 -23.02744498],['AMY' 'AMY'],BJH049,AMY
2497,[ 30.81876725  -9.30722425 -23.60722995],['AMY' 'AMY'],BJH049,AMY
2498,[ 58.00184625  -8.6990038  -26.08023485],['MTG' 'MTG'],BJH049,MTG
2499,[ 51.31651273 -27.40997714 -14.83841544],['STS' 'STS'],BJH049,STS
2500,[ 55.12712923 -26.85436417 -14.46310047],['STS' 'STS'],BJH049,STS
2501,[ 55.64298873 -37.0601946  -24.75433881],['ITG' 'ITG'],BJH049,VS
2502,[ 59.46072123 -37.59842707 -24.79455282],['ITG' 'ITG'],BJH049,VS
2503,[ 29.11105723 -44.16746715 -20.410524  ],['PHC' 'PHC'],BJH049,PHC
2504,[ 34.56903423 -43.47895569 -18.9998821 ],['PHC' 'PHC'],BJH049,PHC
2505,[ 40.02701122 -42.79044423 -17.58924019],['FUG' 'FUG'],BJH049,VS
2506,[ 45.47786822 -42.17427026 -16.71816926],['FUG' 'FUG'],BJH049,VS
2507,[ 50.92872522 -41.5580963  -15.84709832],['FUG' 'FUG'],BJH049,VS
2508,[ 56.38670222 -40.86958484 -14.43645641],['MTG' 'MTG'],BJH049,MTG
2509,[ 61.30030572 -40.17714788 -13.01120951],['MTG' 'MTG'],BJH049,MTG
2510,[ 27.91184576   8.07364672 -21.80390112],['OFC' 'OFC'],BJH049,OFC
2511,[ 30.12494376   9.58581514 -18.20936635],['OFC' 'OFC'],BJH049,OFC
2512,[ 32.33804176  11.09798357 -14.61483157],['OFC' 'OFC'],BJH049,OFC
2513,[ 34.00676426  12.03098602 -11.48324176],['INS' 'INS'],BJH049,INS
2514,[35.66836675 12.89165098 -8.89122292],['INS' 'INS'],BJH049,INS
2515,[37.87434475 14.3314819  -5.83625911],['INS' 'INS'],BJH049,INS
2516,[40.08032275 15.77131283 -2.7812953 ],['INS' 'INS'],BJH049,INS
2517,[41.74904525 16.70431528  0.3502945 ],['INS' 'INS'],BJH049,INS
2518,[43.41776775 17.63731774  3.48188431],['IFG' 'IFG'],BJH049,VLPFC
2519,[45.62374574 19.07714866  6.53684812],['IFG' 'IFG'],BJH049,VLPFC
2520,[47.83684174 20.00622562  9.65383293],['IFG' 'IFG'],BJH049,VLPFC
2521,[50.04993774 20.93530257 12.77081773],['IFG' 'IFG'],BJH049,VLPFC
2522,[52.25591574 22.37513349 15.82578154],['IFG' 'IFG'],BJH049,VLPFC
2523,[54.46189374 23.81496442 18.88074535],['IFG' 'IFG'],BJH049,VLPFC
2524,[ 36.08833073 -16.65974174  -4.75443405],['INS' 'INS'],BJH049,INS
2525,[ 39.88470923 -15.6657123   -4.98071105],['INS' 'INS'],BJH049,INS
2526,[ 43.67396773 -14.74402036  -5.74655901],['A1' 'A1'],BJH049,A1
2527,[ 58.86659574 -12.44483951  -7.54474594],['STG' 'STG'],BJH049,STG
2528,[ 62.66297224 -12.03390154  -8.24857291],['STG' 'STG'],BJH049,STG
2529,[  9.05847819 -56.82227927  12.40713313],['PCC' 'PCC'],BJH049,PCC
2530,[ 12.87621469 -56.19432881  13.32201907],['PCC' 'PCC'],BJH049,PCC
2531,[ 16.68683119 -55.63871584  13.69733403],['PCC' 'PCC'],BJH049,PCC
2532,[ 20.49032969 -54.57234891  14.01062801],['PCC' 'PCC'],BJH049,PCC
2533,[ 38.99904069 -51.20726711  16.37935782],['AG' 'AG'],BJH049,parietal
2534,[ 42.80253919 -50.14090017  16.69265179],['AG' 'AG'],BJH049,parietal
2535,[ 46.61315569 -49.5852872   17.06796676],['AG' 'AG'],BJH049,parietal
2536,[ 50.42377219 -49.02967424  17.44328173],['TPJ' 'TPJ'],BJH049,parietal
2537,[ 53.69001519 -48.47013577  17.8332017 ],['TPJ' 'TPJ'],BJH049,parietal
2538,[ 57.50063169 -47.9145228   18.20851667],['TPJ' 'TPJ'],BJH049,parietal
2539,[ 61.30413019 -46.84815587  18.52181064],['TPJ' 'TPJ'],BJH049,parietal
2540,[51.23116474 -1.45581964  0.65403154],['PostCG' 'PostCG'],BJH049,S1
2541,[54.54012173 -2.21153058  2.84872741],['PostCG' 'PostCG'],BJH049,S1
2542,[58.38633223 -3.04350453  4.48924731],['PostCG' 'PostCG'],BJH049,S1
2543,[61.14379573 -3.86762748  6.15897721],['PostCG' 'PostCG'],BJH049,S1
2544,[63.91549723 -5.13016689  8.43029907],['PostCG' 'PostCG'],BJH049,S1
2545,[-33.17185023  23.68246383 -15.42987746],['OFC' 'OFC'],BJH049,OFC
2546,[-29.36835373  24.1657393  -15.59413346],['OFC' 'OFC'],BJH049,OFC
2547,[-25.55773923  24.1382608  -15.69636846],['OFC' 'OFC'],BJH049,OFC
2548,[-21.75424273  24.62153627 -15.86062446],['OFC' 'OFC'],BJH049,OFC
2549,[-17.95074623  25.10481174 -16.02488046],['OFC' 'OFC'],BJH049,OFC
2550,[ -8.69639473  25.62116971 -15.79561549],['OFC' 'OFC'],BJH049,OFC
2551,[ 6.46527002e-03  2.66522071e+01 -1.56137665e+01],['OFC' 'OFC'],BJH049,OFC
2552,[  3.80996177  27.13548261 -15.77802252],['OFC' 'OFC'],BJH049,OFC
2553,[  7.61345827  27.61875808 -15.94227852],['OFC' 'OFC'],BJH049,OFC
2554,[ 11.41695477  28.10203355 -16.10653451],['OFC' 'OFC'],BJH049,OFC
2555,[ 15.22757127  28.65764652 -15.73121954],['OFC' 'OFC'],BJH049,OFC
2556,[ 23.93043127  29.68868396 -15.54937057],['OFC' 'OFC'],BJH049,OFC
2557,[ 33.17054477  30.64345839 -15.92169757],['OFC' 'OFC'],BJH049,OFC
2558,[ 39.15153527  31.11103186 -16.14437357],['OFC' 'OFC'],BJH049,OFC
2559,[ 40.78465577  31.09925536 -16.18818857],['OFC' 'OFC'],BJH049,OFC
2560,[ 42.41065827  31.59823283 -16.29402457],['OFC' 'OFC'],BJH049,OFC
2561,[-15.97598975  -7.58643582 -19.77738711],['AMY' 'AMY'],BJH049,AMY
2562,[-19.78660425  -7.55895732 -19.67515211],['AMY' 'AMY'],BJH049,AMY
2563,[-23.59721875  -7.53147882 -19.57291711],['AMY' 'AMY'],BJH049,AMY
2564,[-27.40783325  -7.50400032 -19.47068211],['AMY' 'AMY'],BJH049,AMY
2565,[-46.47514575  -7.51128282 -20.03864905],['STS' 'STS'],BJH049,STS
2566,[-50.28576025  -7.48380432 -19.93641405],['STS' 'STS'],BJH049,STS
2567,[-54.08925675  -7.96707978 -19.77215805],['STS' 'STS'],BJH049,STS
2568,[-57.89275325  -8.45035525 -19.60790205],['STS' 'STS'],BJH049,STS
2569,[-61.70336775  -8.42287675 -19.50566705],['MTG' 'MTG'],BJH049,MTG
2570,[-36.02529125 -18.74572566 -22.25112889],['PRH' 'PRH'],BJH049,PRH
2571,[-58.85338426 -19.96844157 -20.37251396],['MTG' 'MTG'],BJH049,MTG
2572,[-38.20654172   7.76609421 -37.48903008],['TP' 'TP'],BJH049,TP
2573,[-41.44430272   8.0789972  -35.24311621],['TP' 'TP'],BJH049,TP
2574,[-44.68206373   8.39190019 -32.99720234],['TP' 'TP'],BJH049,TP
2575,[-47.91982673   8.12171171 -31.22883844],['TP' 'TP'],BJH049,TP
